<?xml version="1.0"?>
<?xml-stylesheet type='text/xsl' href='../../ld2.xsl'?>
<LOBBYINGDISCLOSURE2>
   <imported>N</imported>
   <pages>4</pages>
   <submitURL></submitURL>
   <organizationName>Michigan Farm Bureau</organizationName>
   <prefix></prefix>
   <firstName></firstName>
   <lastName></lastName>
   <registrantDifferentAddress>N</registrantDifferentAddress>
   <address1>7373 West Saginaw Highway</address1>
   <address2>P.O. Box 30960</address2>
   <city>Lansing</city>
   <state>MI</state>
   <zip>48909</zip>
   <zipext></zipext>
   <country>USA</country>
   <principal_city></principal_city>
   <principal_state></principal_state>
   <principal_zip></principal_zip>
   <principal_zipext></principal_zipext>
   <principal_country></principal_country>
   <selfSelect>Y</selfSelect>
   <clientName>Michigan Farm Bureau</clientName>
   <clientGovtEntity>N</clientGovtEntity>
   <senateID>40017133-48</senateID>
   <houseID>398870000</houseID>
   <reportYear>2014</reportYear>
   <reportType>2T</reportType>
   <terminationDate>04/18/2014</terminationDate>
   <noLobbying></noLobbying>
   <income></income>
   <expenses>5000.00</expenses>
   <expensesMethod>A</expensesMethod>
   <printedName>Ryan P. Findlay, National Legislative Counsel</printedName>
   <signedDate>04/18/2014</signedDate>
   <alis>
      <ali_info>
         <issueAreaCode>CAW</issueAreaCode>
         <specific_issues>
            <description>Michigan Farm Bureau continues to express concerns regarding EPA's efforts to expand the definition of Waters of the United States thus expanding the authority of the Clean Water Act. Farm Bureau met both EPA and members of Congress to discuss the impact expanding CWA authority would have on Michigan farmers. </description>
         </specific_issues>
         <federal_agencies>U.S. HOUSE OF REPRESENTATIVES, U.S. SENATE, Environmental Protection Agency (EPA)</federal_agencies>
         <lobbyists>
            <lobbyist>
               <lobbyistFirstName>Ryan</lobbyistFirstName>
               <lobbyistLastName>Findlay</lobbyistLastName>
               <lobbyistSuffix></lobbyistSuffix>
               <coveredPosition></coveredPosition>
               <lobbyistNew>N</lobbyistNew>
            </lobbyist>
            <lobbyist>
               <lobbyistFirstName></lobbyistFirstName>
               <lobbyistLastName></lobbyistLastName>
               <lobbyistSuffix></lobbyistSuffix>
               <coveredPosition></coveredPosition>
               <lobbyistNew>N</lobbyistNew>
            </lobbyist>
            <lobbyist>
               <lobbyistFirstName></lobbyistFirstName>
               <lobbyistLastName></lobbyistLastName>
               <lobbyistSuffix></lobbyistSuffix>
               <coveredPosition></coveredPosition>
               <lobbyistNew>N</lobbyistNew>
            </lobbyist>
            <lobbyist>
               <lobbyistFirstName></lobbyistFirstName>
               <lobbyistLastName></lobbyistLastName>
               <lobbyistSuffix></lobbyistSuffix>
               <coveredPosition></coveredPosition>
               <lobbyistNew>N</lobbyistNew>
            </lobbyist>
            <lobbyist>
               <lobbyistFirstName></lobbyistFirstName>
               <lobbyistLastName></lobbyistLastName>
               <lobbyistSuffix></lobbyistSuffix>
               <coveredPosition></coveredPosition>
               <lobbyistNew>N</lobbyistNew>
            </lobbyist>
            <lobbyist>
               <lobbyistFirstName></lobbyistFirstName>
               <lobbyistLastName></lobbyistLastName>
               <lobbyistSuffix></lobbyistSuffix>
               <coveredPosition></coveredPosition>
               <lobbyistNew>N</lobbyistNew>
            </lobbyist>
            <lobbyist>
               <lobbyistFirstName></lobbyistFirstName>
               <lobbyistLastName></lobbyistLastName>
               <lobbyistSuffix></lobbyistSuffix>
               <coveredPosition></coveredPosition>
               <lobbyistNew>N</lobbyistNew>
            </lobbyist>
            <lobbyist>
               <lobbyistFirstName></lobbyistFirstName>
               <lobbyistLastName></lobbyistLastName>
               <lobbyistSuffix></lobbyistSuffix>
               <coveredPosition></coveredPosition>
               <lobbyistNew>N</lobbyistNew>
            </lobbyist>
            <lobbyist>
               <lobbyistFirstName></lobbyistFirstName>
               <lobbyistLastName></lobbyistLastName>
               <lobbyistSuffix></lobbyistSuffix>
               <coveredPosition></coveredPosition>
               <lobbyistNew>N</lobbyistNew>
            </lobbyist>
         </lobbyists>
         <foreign_entity_issues></foreign_entity_issues>
      </ali_info>
      <ali_info>
         <issueAreaCode>TAX</issueAreaCode>
         <specific_issues>
            <description>Tax Reform with a focus on passing a package of tax extenders for 2014. Michigan Farm Bureua would like to focus on making permanent the Sec. 179 tax provision. 
</description>
         </specific_issues>
         <federal_agencies>U.S. HOUSE OF REPRESENTATIVES, </federal_agencies>
         <lobbyists>
            <lobbyist>
               <lobbyistFirstName>Ryan</lobbyistFirstName>
               <lobbyistLastName>Findlay</lobbyistLastName>
               <lobbyistSuffix></lobbyistSuffix>
               <coveredPosition></coveredPosition>
               <lobbyistNew>N</lobbyistNew>
            </lobbyist>
            <lobbyist>
               <lobbyistFirstName></lobbyistFirstName>
               <lobbyistLastName></lobbyistLastName>
               <lobbyistSuffix></lobbyistSuffix>
               <coveredPosition></coveredPosition>
               <lobbyistNew>N</lobbyistNew>
            </lobbyist>
            <lobbyist>
               <lobbyistFirstName></lobbyistFirstName>
               <lobbyistLastName></lobbyistLastName>
               <lobbyistSuffix></lobbyistSuffix>
               <coveredPosition></coveredPosition>
               <lobbyistNew>N</lobbyistNew>
            </lobbyist>
            <lobbyist>
               <lobbyistFirstName></lobbyistFirstName>
               <lobbyistLastName></lobbyistLastName>
               <lobbyistSuffix></lobbyistSuffix>
               <coveredPosition></coveredPosition>
               <lobbyistNew>N</lobbyistNew>
            </lobbyist>
            <lobbyist>
               <lobbyistFirstName></lobbyistFirstName>
               <lobbyistLastName></lobbyistLastName>
               <lobbyistSuffix></lobbyistSuffix>
               <coveredPosition></coveredPosition>
               <lobbyistNew>N</lobbyistNew>
            </lobbyist>
            <lobbyist>
               <lobbyistFirstName></lobbyistFirstName>
               <lobbyistLastName></lobbyistLastName>
               <lobbyistSuffix></lobbyistSuffix>
               <coveredPosition></coveredPosition>
               <lobbyistNew>N</lobbyistNew>
            </lobbyist>
            <lobbyist>
               <lobbyistFirstName></lobbyistFirstName>
               <lobbyistLastName></lobbyistLastName>
               <lobbyistSuffix></lobbyistSuffix>
               <coveredPosition></coveredPosition>
               <lobbyistNew>N</lobbyistNew>
            </lobbyist>
            <lobbyist>
               <lobbyistFirstName></lobbyistFirstName>
               <lobbyistLastName></lobbyistLastName>
               <lobbyistSuffix></lobbyistSuffix>
               <coveredPosition></coveredPosition>
               <lobbyistNew>N</lobbyistNew>
            </lobbyist>
            <lobbyist>
               <lobbyistFirstName></lobbyistFirstName>
               <lobbyistLastName></lobbyistLastName>
               <lobbyistSuffix></lobbyistSuffix>
               <coveredPosition></coveredPosition>
               <lobbyistNew>N</lobbyistNew>
            </lobbyist>
         </lobbyists>
         <foreign_entity_issues></foreign_entity_issues>
      </ali_info>
      <ali_info>
         <issueAreaCode>IMM</issueAreaCode>
         <specific_issues>
            <description>Farm Bureau is advocating for comprehensive immgiration reform that 1. adjusts the status of those currently undocumented and allows them to work in ag. 2. establishes a usable guest worker program to be run by USDA that allows for either at-will or contract workers.   </description>
         </specific_issues>
         <federal_agencies>U.S. HOUSE OF REPRESENTATIVES, </federal_agencies>
         <lobbyists>
            <lobbyist>
               <lobbyistFirstName>Ryan</lobbyistFirstName>
               <lobbyistLastName>Findlay</lobbyistLastName>
               <lobbyistSuffix></lobbyistSuffix>
               <coveredPosition></coveredPosition>
               <lobbyistNew>N</lobbyistNew>
            </lobbyist>
            <lobbyist>
               <lobbyistFirstName></lobbyistFirstName>
               <lobbyistLastName></lobbyistLastName>
               <lobbyistSuffix></lobbyistSuffix>
               <coveredPosition></coveredPosition>
               <lobbyistNew>N</lobbyistNew>
            </lobbyist>
            <lobbyist>
               <lobbyistFirstName></lobbyistFirstName>
               <lobbyistLastName></lobbyistLastName>
               <lobbyistSuffix></lobbyistSuffix>
               <coveredPosition></coveredPosition>
               <lobbyistNew>N</lobbyistNew>
            </lobbyist>
            <lobbyist>
               <lobbyistFirstName></lobbyistFirstName>
               <lobbyistLastName></lobbyistLastName>
               <lobbyistSuffix></lobbyistSuffix>
               <coveredPosition></coveredPosition>
               <lobbyistNew>N</lobbyistNew>
            </lobbyist>
            <lobbyist>
               <lobbyistFirstName></lobbyistFirstName>
               <lobbyistLastName></lobbyistLastName>
               <lobbyistSuffix></lobbyistSuffix>
               <coveredPosition></coveredPosition>
               <lobbyistNew>N</lobbyistNew>
            </lobbyist>
            <lobbyist>
               <lobbyistFirstName></lobbyistFirstName>
               <lobbyistLastName></lobbyistLastName>
               <lobbyistSuffix></lobbyistSuffix>
               <coveredPosition></coveredPosition>
               <lobbyistNew>N</lobbyistNew>
            </lobbyist>
            <lobbyist>
               <lobbyistFirstName></lobbyistFirstName>
               <lobbyistLastName></lobbyistLastName>
               <lobbyistSuffix></lobbyistSuffix>
               <coveredPosition></coveredPosition>
               <lobbyistNew>N</lobbyistNew>
            </lobbyist>
            <lobbyist>
               <lobbyistFirstName></lobbyistFirstName>
               <lobbyistLastName></lobbyistLastName>
               <lobbyistSuffix></lobbyistSuffix>
               <coveredPosition></coveredPosition>
               <lobbyistNew>N</lobbyistNew>
            </lobbyist>
            <lobbyist>
               <lobbyistFirstName></lobbyistFirstName>
               <lobbyistLastName></lobbyistLastName>
               <lobbyistSuffix></lobbyistSuffix>
               <coveredPosition></coveredPosition>
               <lobbyistNew>N</lobbyistNew>
            </lobbyist>
         </lobbyists>
         <foreign_entity_issues></foreign_entity_issues>
      </ali_info>
   </alis>
   <updates>
      <clientAddress></clientAddress>
      <clientCity></clientCity>
      <clientState></clientState>
      <clientZip></clientZip>
      <clientZipext></clientZipext>
      <clientCountry></clientCountry>
      <prinClientCity></prinClientCity>
      <prinClientState></prinClientState>
      <prinClientZip></prinClientZip>
      <prinClientZipext></prinClientZipext>
      <prinClientCountry></prinClientCountry>
      <generalDescription></generalDescription>
      <inactive_lobbyists>
         <inactive_lobbyist>
            <firstName></firstName>
            <lastName></lastName>
            <suffix></suffix>
         </inactive_lobbyist>
         <inactive_lobbyist>
            <firstName></firstName>
            <lastName></lastName>
            <suffix></suffix>
         </inactive_lobbyist>
         <inactive_lobbyist>
            <firstName></firstName>
            <lastName></lastName>
            <suffix></suffix>
         </inactive_lobbyist>
         <inactive_lobbyist>
            <firstName></firstName>
            <lastName></lastName>
            <suffix></suffix>
         </inactive_lobbyist>
      </inactive_lobbyists>
      <inactive_ALIs>
         <ali_Code></ali_Code>
         <ali_Code></ali_Code>
         <ali_Code></ali_Code>
         <ali_Code></ali_Code>
         <ali_Code></ali_Code>
         <ali_Code></ali_Code>
         <ali_Code></ali_Code>
         <ali_Code></ali_Code>
         <ali_Code></ali_Code>
      </inactive_ALIs>
      <affiliatedUrl></affiliatedUrl>
      <affiliatedOrgs>
         <affiliatedOrg>
            <affiliatedOrgName></affiliatedOrgName>
            <affiliatedOrgAddress></affiliatedOrgAddress>
            <affiliatedOrgCity></affiliatedOrgCity>
            <affiliatedOrgState></affiliatedOrgState>
            <affiliatedOrgZip></affiliatedOrgZip>
            <affiliatedOrgCountry></affiliatedOrgCountry>
            <affiliatedPrinOrgCity></affiliatedPrinOrgCity>
            <affiliatedPrinOrgState></affiliatedPrinOrgState>
            <affiliatedPrinOrgCountry></affiliatedPrinOrgCountry>
         </affiliatedOrg>
         <affiliatedOrg>
            <affiliatedOrgName></affiliatedOrgName>
            <affiliatedOrgAddress></affiliatedOrgAddress>
            <affiliatedOrgCity></affiliatedOrgCity>
            <affiliatedOrgState></affiliatedOrgState>
            <affiliatedOrgZip></affiliatedOrgZip>
            <affiliatedOrgCountry></affiliatedOrgCountry>
            <affiliatedPrinOrgCity></affiliatedPrinOrgCity>
            <affiliatedPrinOrgState></affiliatedPrinOrgState>
            <affiliatedPrinOrgCountry></affiliatedPrinOrgCountry>
         </affiliatedOrg>
      </affiliatedOrgs>
      <inactiveOrgs>
         <inactiveOrgName></inactiveOrgName>
         <inactiveOrgName></inactiveOrgName>
         <inactiveOrgName></inactiveOrgName>
      </inactiveOrgs>
      <foreignEntities>
         <foreignEntity>
            <name></name>
            <address></address>
            <city></city>
            <state></state>
            <country></country>
            <prinCity></prinCity>
            <prinState></prinState>
            <prinCountry></prinCountry>
            <contribution></contribution>
            <ownership_Percentage></ownership_Percentage>
         </foreignEntity>
      </foreignEntities>
      <inactive_ForeignEntities>
         <inactive_ForeignEntity></inactive_ForeignEntity>
         <inactive_ForeignEntity></inactive_ForeignEntity>
         <inactive_ForeignEntity></inactive_ForeignEntity>
         <inactive_ForeignEntity></inactive_ForeignEntity>
         <inactive_ForeignEntity></inactive_ForeignEntity>
         <inactive_ForeignEntity></inactive_ForeignEntity>
      </inactive_ForeignEntities>
   </updates>
</LOBBYINGDISCLOSURE2>