<?xml version="1.0" encoding="utf-8"?>
<?xml-stylesheet type='text/xsl' href='../../ld2webpage.xsl'?>
<LOBBYINGDISCLOSURE2>
  <imported>N</imported>
  <pages>2</pages>
  <submitURL>
  </submitURL>
  <organizationName>Cloakroom Advisors</organizationName>
  <prefix>
  </prefix>
  <firstName>
  </firstName>
  <lastName>
  </lastName>
  <registrantDifferentAddress>N</registrantDifferentAddress>
  <address1>100 M. St. SE</address1>
  <address2>5th Floor</address2>
  <city>Washington</city>
  <state>DC</state>
  <zip>20003</zip>
  <zipext>
  </zipext>
  <country>USA</country>
  <principal_city>
  </principal_city>
  <principal_state>
  </principal_state>
  <principal_zip>
  </principal_zip>
  <principal_zipext>
  </principal_zipext>
  <principal_country>
  </principal_country>
  <contactIntlPhone>
  </contactIntlPhone>
  <selfSelect>N</selfSelect>
  <clientName>GC Barnes Group</clientName>
  <clientGovtEntity>N</clientGovtEntity>
  <senateID>401103204-0008</senateID>
  <houseID>424960008</houseID>
  <reportYear>2014</reportYear>
  <reportType>2T</reportType>
  <terminationDate>5/28/2014</terminationDate>
  <noLobbying>
  </noLobbying>
  <income>90000.00</income>
  <expenses>
  </expenses>
  <expensesMethod>
  </expensesMethod>
  <printedName>William Fox</printedName>
  <signedDate>5/28/2014 12:54:29 PM</signedDate>
  <alis>
    <ali_info>
      <issueAreaCode>GOV</issueAreaCode>
      <specific_issues>
        <description>Advise client and related entities on general government affairs; small business issues and appropriations</description>
      </specific_issues>
      <federal_agencies />
      <lobbyists>
        <lobbyist>
          <lobbyistFirstName>Gregg</lobbyistFirstName>
          <lobbyistLastName>Hartley</lobbyistLastName>
          <lobbyistSuffix>
          </lobbyistSuffix>
          <coveredPosition>Chief of Staff Congressman Roy Blunt</coveredPosition>
          <lobbyistNew>N</lobbyistNew>
        </lobbyist>
        <lobbyist>
          <lobbyistFirstName>William</lobbyistFirstName>
          <lobbyistLastName>Fox</lobbyistLastName>
          <lobbyistSuffix>
          </lobbyistSuffix>
          <coveredPosition>Legislative Assistant House Transportation Committee</coveredPosition>
          <lobbyistNew>N</lobbyistNew>
        </lobbyist>
        <lobbyist>
          <lobbyistFirstName>
          </lobbyistFirstName>
          <lobbyistLastName>
          </lobbyistLastName>
          <lobbyistSuffix>
          </lobbyistSuffix>
          <coveredPosition>
          </coveredPosition>
          <lobbyistNew>N</lobbyistNew>
        </lobbyist>
        <lobbyist>
          <lobbyistFirstName>
          </lobbyistFirstName>
          <lobbyistLastName>
          </lobbyistLastName>
          <lobbyistSuffix>
          </lobbyistSuffix>
          <coveredPosition>
          </coveredPosition>
          <lobbyistNew>N</lobbyistNew>
        </lobbyist>
        <lobbyist>
          <lobbyistFirstName>
          </lobbyistFirstName>
          <lobbyistLastName>
          </lobbyistLastName>
          <lobbyistSuffix>
          </lobbyistSuffix>
          <coveredPosition>
          </coveredPosition>
          <lobbyistNew>N</lobbyistNew>
        </lobbyist>
        <lobbyist>
          <lobbyistFirstName>
          </lobbyistFirstName>
          <lobbyistLastName>
          </lobbyistLastName>
          <lobbyistSuffix>
          </lobbyistSuffix>
          <coveredPosition>
          </coveredPosition>
          <lobbyistNew>N</lobbyistNew>
        </lobbyist>
        <lobbyist>
          <lobbyistFirstName>
          </lobbyistFirstName>
          <lobbyistLastName>
          </lobbyistLastName>
          <lobbyistSuffix>
          </lobbyistSuffix>
          <coveredPosition>
          </coveredPosition>
          <lobbyistNew>N</lobbyistNew>
        </lobbyist>
        <lobbyist>
          <lobbyistFirstName>
          </lobbyistFirstName>
          <lobbyistLastName>
          </lobbyistLastName>
          <lobbyistSuffix>
          </lobbyistSuffix>
          <coveredPosition>
          </coveredPosition>
          <lobbyistNew>N</lobbyistNew>
        </lobbyist>
        <lobbyist>
          <lobbyistFirstName>
          </lobbyistFirstName>
          <lobbyistLastName>
          </lobbyistLastName>
          <lobbyistSuffix>
          </lobbyistSuffix>
          <coveredPosition>
          </coveredPosition>
          <lobbyistNew>N</lobbyistNew>
        </lobbyist>
      </lobbyists>
      <foreign_entity_issues>
      </foreign_entity_issues>
    </ali_info>
  </alis>
  <updates>
  <clientAddress></clientAddress>
  <clientCity></clientCity>
  <clientState></clientState>
  <clientZip></clientZip>
  <clientZipext></clientZipext>
  <clientCountry></clientCountry>
  <prinClientCity></prinClientCity>
  <prinClientState></prinClientState>
  <prinClientZip></prinClientZip>
  <prinClientZipext></prinClientZipext>
  <prinClientCountry></prinClientCountry>
  <generalDescription></generalDescription>
  <inactive_lobbyists>
    <inactive_lobbyist>
      <firstName></firstName>
      <lastName></lastName>
      <suffix></suffix>
    </inactive_lobbyist>
    <inactive_lobbyist>
      <firstName></firstName>
      <lastName></lastName>
      <suffix></suffix>
    </inactive_lobbyist>
    <inactive_lobbyist>
      <firstName></firstName>
      <lastName></lastName>
      <suffix></suffix>
    </inactive_lobbyist>
    <inactive_lobbyist>
      <firstName></firstName>
      <lastName></lastName>
      <suffix></suffix>
    </inactive_lobbyist>
  </inactive_lobbyists>
  <inactive_ALIs>
    <ali_Code></ali_Code>
    <ali_Code></ali_Code>
    <ali_Code></ali_Code>
    <ali_Code></ali_Code>
    <ali_Code></ali_Code>
    <ali_Code></ali_Code>
    <ali_Code></ali_Code>
    <ali_Code></ali_Code>
    <ali_Code></ali_Code>
  </inactive_ALIs>
  <affiliatedUrl>
  </affiliatedUrl>
  <affiliatedOrgs>
    <affiliatedOrg>
      <affiliatedOrgName></affiliatedOrgName>
      <affiliatedOrgAddress></affiliatedOrgAddress>
      <affiliatedOrgCity></affiliatedOrgCity>
      <affiliatedOrgState></affiliatedOrgState>
      <affiliatedOrgZip></affiliatedOrgZip>
      <affiliatedOrgCountry></affiliatedOrgCountry>
      <affiliatedPrinOrgCity></affiliatedPrinOrgCity>
      <affiliatedPrinOrgState></affiliatedPrinOrgState>
      <affiliatedPrinOrgCountry></affiliatedPrinOrgCountry>
    </affiliatedOrg>
    <affiliatedOrg>
      <affiliatedOrgName></affiliatedOrgName>
      <affiliatedOrgAddress></affiliatedOrgAddress>
      <affiliatedOrgCity></affiliatedOrgCity>
      <affiliatedOrgState></affiliatedOrgState>
      <affiliatedOrgZip></affiliatedOrgZip>
      <affiliatedOrgCountry></affiliatedOrgCountry>
      <affiliatedPrinOrgCity></affiliatedPrinOrgCity>
      <affiliatedPrinOrgState></affiliatedPrinOrgState>
      <affiliatedPrinOrgCountry></affiliatedPrinOrgCountry>
    </affiliatedOrg>
  </affiliatedOrgs>
  <inactiveOrgs>
    <inactiveOrgName></inactiveOrgName>
    <inactiveOrgName></inactiveOrgName>
    <inactiveOrgName></inactiveOrgName>
  </inactiveOrgs>
  <foreignEntities>
    <foreignEntity>
      <name></name>
      <address></address>
      <city></city>
      <state></state>
      <country></country>
      <prinCity></prinCity>
      <prinState></prinState>
      <prinCountry></prinCountry>
      <contribution></contribution>
      <ownership_Percentage></ownership_Percentage>
    </foreignEntity>
  </foreignEntities>
  <inactive_ForeignEntities>
    <inactive_ForeignEntity></inactive_ForeignEntity>
    <inactive_ForeignEntity></inactive_ForeignEntity>
    <inactive_ForeignEntity></inactive_ForeignEntity>
    <inactive_ForeignEntity></inactive_ForeignEntity>
    <inactive_ForeignEntity></inactive_ForeignEntity>
    <inactive_ForeignEntity></inactive_ForeignEntity>
  </inactive_ForeignEntities>
</updates>
</LOBBYINGDISCLOSURE2>