<?xml version="1.0"?>
<?xml-stylesheet type='text/xsl' href='../../ld2.xsl'?>
<LOBBYINGDISCLOSURE2>
   <imported>N</imported>
   <pages>2</pages>
   <submitURL></submitURL>
   <organizationName>AMERICAN BIRD CONSERVANCY</organizationName>
   <prefix></prefix>
   <firstName></firstName>
   <lastName></lastName>
   <registrantDifferentAddress>N</registrantDifferentAddress>
   <address1>1731 Connecticutt Ave., NW</address1>
   <address2></address2>
   <city>Washington</city>
   <state>DC</state>
   <zip>20009</zip>
   <zipext></zipext>
   <country>USA</country>
   <principal_city></principal_city>
   <principal_state></principal_state>
   <principal_zip></principal_zip>
   <principal_zipext></principal_zipext>
   <principal_country></principal_country>
   <selfSelect>Y</selfSelect>
   <clientName>AMERICAN BIRD CONSERVANCY</clientName>
   <clientGovtEntity>N</clientGovtEntity>
   <senateID>1810-12</senateID>
   <houseID>321870000</houseID>
   <reportYear>2014</reportYear>
   <reportType>Q2</reportType>
   <terminationDate></terminationDate>
   <noLobbying></noLobbying>
   <income></income>
   <expenses></expenses>
   <expensesMethod>B</expensesMethod>
   <printedName>Darin Schroeder, Vice President</printedName>
   <signedDate>05/15/2014</signedDate>
   <alis>
      <ali_info>
         <issueAreaCode>ENV</issueAreaCode>
         <specific_issues>
            <description>Pollinator Protection Act, Oregon and California Land Grant Act</description>
         </specific_issues>
         <federal_agencies>U.S. SENATE, U.S. HOUSE OF REPRESENTATIVES, Agriculture - Dept of  (USDA), Bureau of Land Management (BLM), Office of Management &amp; Budget (OMB), U.S. Fish &amp; Wildlife Service (USFWS), U.S. Forest Service</federal_agencies>
         <lobbyists>
            <lobbyist>
               <lobbyistFirstName>Darin</lobbyistFirstName>
               <lobbyistLastName>Schroeder</lobbyistLastName>
               <lobbyistSuffix></lobbyistSuffix>
               <coveredPosition></coveredPosition>
               <lobbyistNew>N</lobbyistNew>
            </lobbyist>
            <lobbyist>
               <lobbyistFirstName>Anne </lobbyistFirstName>
               <lobbyistLastName>Law</lobbyistLastName>
               <lobbyistSuffix></lobbyistSuffix>
               <coveredPosition></coveredPosition>
               <lobbyistNew>N</lobbyistNew>
            </lobbyist>
            <lobbyist>
               <lobbyistFirstName>Steve</lobbyistFirstName>
               <lobbyistLastName>Holmer</lobbyistLastName>
               <lobbyistSuffix></lobbyistSuffix>
               <coveredPosition></coveredPosition>
               <lobbyistNew>N</lobbyistNew>
            </lobbyist>
            <lobbyist>
               <lobbyistFirstName></lobbyistFirstName>
               <lobbyistLastName></lobbyistLastName>
               <lobbyistSuffix></lobbyistSuffix>
               <coveredPosition></coveredPosition>
               <lobbyistNew>N</lobbyistNew>
            </lobbyist>
            <lobbyist>
               <lobbyistFirstName></lobbyistFirstName>
               <lobbyistLastName></lobbyistLastName>
               <lobbyistSuffix></lobbyistSuffix>
               <coveredPosition></coveredPosition>
               <lobbyistNew>N</lobbyistNew>
            </lobbyist>
            <lobbyist>
               <lobbyistFirstName></lobbyistFirstName>
               <lobbyistLastName></lobbyistLastName>
               <lobbyistSuffix></lobbyistSuffix>
               <coveredPosition></coveredPosition>
               <lobbyistNew>N</lobbyistNew>
            </lobbyist>
            <lobbyist>
               <lobbyistFirstName></lobbyistFirstName>
               <lobbyistLastName></lobbyistLastName>
               <lobbyistSuffix></lobbyistSuffix>
               <coveredPosition></coveredPosition>
               <lobbyistNew>N</lobbyistNew>
            </lobbyist>
            <lobbyist>
               <lobbyistFirstName></lobbyistFirstName>
               <lobbyistLastName></lobbyistLastName>
               <lobbyistSuffix></lobbyistSuffix>
               <coveredPosition></coveredPosition>
               <lobbyistNew>N</lobbyistNew>
            </lobbyist>
            <lobbyist>
               <lobbyistFirstName></lobbyistFirstName>
               <lobbyistLastName></lobbyistLastName>
               <lobbyistSuffix></lobbyistSuffix>
               <coveredPosition></coveredPosition>
               <lobbyistNew>N</lobbyistNew>
            </lobbyist>
         </lobbyists>
         <foreign_entity_issues></foreign_entity_issues>
      </ali_info>
   </alis>
   <updates>
      <clientAddress></clientAddress>
      <clientCity></clientCity>
      <clientState></clientState>
      <clientZip></clientZip>
      <clientZipext></clientZipext>
      <clientCountry></clientCountry>
      <prinClientCity></prinClientCity>
      <prinClientState></prinClientState>
      <prinClientZip></prinClientZip>
      <prinClientZipext></prinClientZipext>
      <prinClientCountry></prinClientCountry>
      <generalDescription></generalDescription>
      <inactive_lobbyists>
         <inactive_lobbyist>
            <firstName></firstName>
            <lastName></lastName>
            <suffix></suffix>
         </inactive_lobbyist>
         <inactive_lobbyist>
            <firstName></firstName>
            <lastName></lastName>
            <suffix></suffix>
         </inactive_lobbyist>
         <inactive_lobbyist>
            <firstName></firstName>
            <lastName></lastName>
            <suffix></suffix>
         </inactive_lobbyist>
         <inactive_lobbyist>
            <firstName></firstName>
            <lastName></lastName>
            <suffix></suffix>
         </inactive_lobbyist>
      </inactive_lobbyists>
      <inactive_ALIs>
         <ali_Code></ali_Code>
         <ali_Code></ali_Code>
         <ali_Code></ali_Code>
         <ali_Code></ali_Code>
         <ali_Code></ali_Code>
         <ali_Code></ali_Code>
         <ali_Code></ali_Code>
         <ali_Code></ali_Code>
         <ali_Code></ali_Code>
      </inactive_ALIs>
      <affiliatedUrl></affiliatedUrl>
      <affiliatedOrgs>
         <affiliatedOrg>
            <affiliatedOrgName></affiliatedOrgName>
            <affiliatedOrgAddress></affiliatedOrgAddress>
            <affiliatedOrgCity></affiliatedOrgCity>
            <affiliatedOrgState></affiliatedOrgState>
            <affiliatedOrgZip></affiliatedOrgZip>
            <affiliatedOrgCountry></affiliatedOrgCountry>
            <affiliatedPrinOrgCity></affiliatedPrinOrgCity>
            <affiliatedPrinOrgState></affiliatedPrinOrgState>
            <affiliatedPrinOrgCountry></affiliatedPrinOrgCountry>
         </affiliatedOrg>
         <affiliatedOrg>
            <affiliatedOrgName></affiliatedOrgName>
            <affiliatedOrgAddress></affiliatedOrgAddress>
            <affiliatedOrgCity></affiliatedOrgCity>
            <affiliatedOrgState></affiliatedOrgState>
            <affiliatedOrgZip></affiliatedOrgZip>
            <affiliatedOrgCountry></affiliatedOrgCountry>
            <affiliatedPrinOrgCity></affiliatedPrinOrgCity>
            <affiliatedPrinOrgState></affiliatedPrinOrgState>
            <affiliatedPrinOrgCountry></affiliatedPrinOrgCountry>
         </affiliatedOrg>
      </affiliatedOrgs>
      <inactiveOrgs>
         <inactiveOrgName></inactiveOrgName>
         <inactiveOrgName></inactiveOrgName>
         <inactiveOrgName></inactiveOrgName>
      </inactiveOrgs>
      <foreignEntities>
         <foreignEntity>
            <name></name>
            <address></address>
            <city></city>
            <state></state>
            <country></country>
            <prinCity></prinCity>
            <prinState></prinState>
            <prinCountry></prinCountry>
            <contribution></contribution>
            <ownership_Percentage></ownership_Percentage>
         </foreignEntity>
      </foreignEntities>
      <inactive_ForeignEntities>
         <inactive_ForeignEntity></inactive_ForeignEntity>
         <inactive_ForeignEntity></inactive_ForeignEntity>
         <inactive_ForeignEntity></inactive_ForeignEntity>
         <inactive_ForeignEntity></inactive_ForeignEntity>
         <inactive_ForeignEntity></inactive_ForeignEntity>
         <inactive_ForeignEntity></inactive_ForeignEntity>
      </inactive_ForeignEntities>
   </updates>
</LOBBYINGDISCLOSURE2>