<?xml version="1.0" encoding="utf-8"?>
<?xml-stylesheet type='text/xsl' href='../../ld2webpage.xsl'?>
<LOBBYINGDISCLOSURE2>
  <imported>N</imported>
  <pages>3</pages>
  <submitURL>
  </submitURL>
  <organizationName>Capitol Tax Partners, LLP</organizationName>
  <prefix>
  </prefix>
  <firstName>
  </firstName>
  <lastName>
  </lastName>
  <registrantDifferentAddress>N</registrantDifferentAddress>
  <address1>101 Constitution Avenue, NW Suite 675 East</address1>
  <address2>
  </address2>
  <city>Washington</city>
  <state>DC</state>
  <zip>20001</zip>
  <zipext>
  </zipext>
  <country>USA</country>
  <principal_city>
  </principal_city>
  <principal_state>
  </principal_state>
  <principal_zip>
  </principal_zip>
  <principal_zipext>
  </principal_zipext>
  <principal_country>
  </principal_country>
  <contactIntlPhone>
  </contactIntlPhone>
  <selfSelect>N</selfSelect>
  <clientName>Aircraft Owners and Pilots Association</clientName>
  <clientGovtEntity>N</clientGovtEntity>
  <senateID>65976-2753</senateID>
  <houseID>356170148</houseID>
  <reportYear>2014</reportYear>
  <reportType>2T</reportType>
  <terminationDate>4/21/2014</terminationDate>
  <noLobbying>
  </noLobbying>
  <income>10000.00</income>
  <expenses>
  </expenses>
  <expensesMethod>
  </expensesMethod>
  <printedName>Lindsay Hooper</printedName>
  <signedDate>4/24/2014 3:04:56 PM</signedDate>
  <alis>
    <ali_info>
      <issueAreaCode>TAX</issueAreaCode>
      <specific_issues>
        <description>Legislative and regulatory tax issues dealing with Corporate and International Taxation:
- Tax reform and deficit reduction
- H. Con. Res. 25, Establishing the budget for the United States Government for fiscal year 2014 and setting forth appropriate budgetary levels for fiscal years 2015 through 2023
- S. Con. Res. 8, Concurrent Resolution on the Budget for Fiscal Year 2014
- H. J. Res. 59, a bill making continuing appropriations for fiscal year 2014, and for other purposes</description>
      </specific_issues>
      <federal_agencies>U.S. SENATE, U.S. HOUSE OF REPRESENTATIVES</federal_agencies>
      <lobbyists>
        <lobbyist>
          <lobbyistFirstName>Jonathan</lobbyistFirstName>
          <lobbyistLastName>Talisman</lobbyistLastName>
          <lobbyistSuffix>
          </lobbyistSuffix>
          <coveredPosition>
          </coveredPosition>
          <lobbyistNew>N</lobbyistNew>
        </lobbyist>
        <lobbyist>
          <lobbyistFirstName>Lindsay</lobbyistFirstName>
          <lobbyistLastName>Hooper</lobbyistLastName>
          <lobbyistSuffix>
          </lobbyistSuffix>
          <coveredPosition>
          </coveredPosition>
          <lobbyistNew>N</lobbyistNew>
        </lobbyist>
        <lobbyist>
          <lobbyistFirstName>Joseph</lobbyistFirstName>
          <lobbyistLastName>Mikrut</lobbyistLastName>
          <lobbyistSuffix>
          </lobbyistSuffix>
          <coveredPosition>
          </coveredPosition>
          <lobbyistNew>N</lobbyistNew>
        </lobbyist>
        <lobbyist>
          <lobbyistFirstName>William</lobbyistFirstName>
          <lobbyistLastName>McKenney</lobbyistLastName>
          <lobbyistSuffix>
          </lobbyistSuffix>
          <coveredPosition>
          </coveredPosition>
          <lobbyistNew>N</lobbyistNew>
        </lobbyist>
        <lobbyist>
          <lobbyistFirstName>Lawrence</lobbyistFirstName>
          <lobbyistLastName>Willcox</lobbyistLastName>
          <lobbyistSuffix>
          </lobbyistSuffix>
          <coveredPosition>
          </coveredPosition>
          <lobbyistNew>N</lobbyistNew>
        </lobbyist>
        <lobbyist>
          <lobbyistFirstName>Melissa</lobbyistFirstName>
          <lobbyistLastName>Mueller</lobbyistLastName>
          <lobbyistSuffix>
          </lobbyistSuffix>
          <coveredPosition>
          </coveredPosition>
          <lobbyistNew>N</lobbyistNew>
        </lobbyist>
        <lobbyist>
          <lobbyistFirstName>Christopher </lobbyistFirstName>
          <lobbyistLastName>Javens</lobbyistLastName>
          <lobbyistSuffix>
          </lobbyistSuffix>
          <coveredPosition>
          </coveredPosition>
          <lobbyistNew>N</lobbyistNew>
        </lobbyist>
        <lobbyist>
          <lobbyistFirstName>
          </lobbyistFirstName>
          <lobbyistLastName>
          </lobbyistLastName>
          <lobbyistSuffix>
          </lobbyistSuffix>
          <coveredPosition>
          </coveredPosition>
          <lobbyistNew>N</lobbyistNew>
        </lobbyist>
        <lobbyist>
          <lobbyistFirstName>
          </lobbyistFirstName>
          <lobbyistLastName>
          </lobbyistLastName>
          <lobbyistSuffix>
          </lobbyistSuffix>
          <coveredPosition>
          </coveredPosition>
          <lobbyistNew>N</lobbyistNew>
        </lobbyist>
      </lobbyists>
      <foreign_entity_issues>
      </foreign_entity_issues>
    </ali_info>
  </alis>
  <updates>
    <clientAddress>
    </clientAddress>
    <clientCity>
    </clientCity>
    <clientState>
    </clientState>
    <clientZip>
    </clientZip>
    <clientZipext>
    </clientZipext>
    <clientCountry>
    </clientCountry>
    <prinClientCity>
    </prinClientCity>
    <prinClientState>
    </prinClientState>
    <prinClientZip>
    </prinClientZip>
    <prinClientZipext>
    </prinClientZipext>
    <prinClientCountry>
    </prinClientCountry>
    <generalDescription>
    </generalDescription>
    <inactive_lobbyists>
      <inactive_lobbyist>
        <firstName>
        </firstName>
        <lastName>
        </lastName>
        <suffix>
        </suffix>
      </inactive_lobbyist>
      <inactive_lobbyist>
        <firstName>
        </firstName>
        <lastName>
        </lastName>
        <suffix>
        </suffix>
      </inactive_lobbyist>
      <inactive_lobbyist>
        <firstName>
        </firstName>
        <lastName>
        </lastName>
        <suffix>
        </suffix>
      </inactive_lobbyist>
      <inactive_lobbyist>
        <firstName>
        </firstName>
        <lastName>
        </lastName>
        <suffix>
        </suffix>
      </inactive_lobbyist>
    </inactive_lobbyists>
    <inactive_ALIs>
      <ali_Code>
      </ali_Code>
      <ali_Code>
      </ali_Code>
      <ali_Code>
      </ali_Code>
      <ali_Code>
      </ali_Code>
      <ali_Code>
      </ali_Code>
      <ali_Code>
      </ali_Code>
      <ali_Code>
      </ali_Code>
      <ali_Code>
      </ali_Code>
      <ali_Code>
      </ali_Code>
    </inactive_ALIs>
    <affiliatedUrl>www.aoap.org</affiliatedUrl>
    <affiliatedOrgs>
      <affiliatedOrg>
        <affiliatedOrgName>
        </affiliatedOrgName>
        <affiliatedOrgAddress>
        </affiliatedOrgAddress>
        <affiliatedOrgCity>
        </affiliatedOrgCity>
        <affiliatedOrgState>
        </affiliatedOrgState>
        <affiliatedOrgZip>
        </affiliatedOrgZip>
        <affiliatedOrgCountry>
        </affiliatedOrgCountry>
        <affiliatedPrinOrgCity>
        </affiliatedPrinOrgCity>
        <affiliatedPrinOrgState>
        </affiliatedPrinOrgState>
        <affiliatedPrinOrgCountry>
        </affiliatedPrinOrgCountry>
      </affiliatedOrg>
      <affiliatedOrg>
        <affiliatedOrgName>
        </affiliatedOrgName>
        <affiliatedOrgAddress>
        </affiliatedOrgAddress>
        <affiliatedOrgCity>
        </affiliatedOrgCity>
        <affiliatedOrgState>
        </affiliatedOrgState>
        <affiliatedOrgZip>
        </affiliatedOrgZip>
        <affiliatedOrgCountry>
        </affiliatedOrgCountry>
        <affiliatedPrinOrgCity>
        </affiliatedPrinOrgCity>
        <affiliatedPrinOrgState>
        </affiliatedPrinOrgState>
        <affiliatedPrinOrgCountry>
        </affiliatedPrinOrgCountry>
      </affiliatedOrg>
    </affiliatedOrgs>
    <inactiveOrgs>
      <inactiveOrgName>
      </inactiveOrgName>
      <inactiveOrgName>
      </inactiveOrgName>
      <inactiveOrgName>
      </inactiveOrgName>
    </inactiveOrgs>
    <foreignEntities>
      <foreignEntity>
        <name>
        </name>
        <address>
        </address>
        <city>
        </city>
        <state>
        </state>
        <country>
        </country>
        <prinCity>
        </prinCity>
        <prinState>
        </prinState>
        <prinCountry>
        </prinCountry>
        <contribution>
        </contribution>
        <ownership_Percentage>
        </ownership_Percentage>
      </foreignEntity>
    </foreignEntities>
    <inactive_ForeignEntities>
      <inactive_ForeignEntity>
      </inactive_ForeignEntity>
      <inactive_ForeignEntity>
      </inactive_ForeignEntity>
      <inactive_ForeignEntity>
      </inactive_ForeignEntity>
      <inactive_ForeignEntity>
      </inactive_ForeignEntity>
      <inactive_ForeignEntity>
      </inactive_ForeignEntity>
      <inactive_ForeignEntity>
      </inactive_ForeignEntity>
    </inactive_ForeignEntities>
  </updates>
</LOBBYINGDISCLOSURE2>