<?xml version="1.0" encoding="utf-8"?>
<?xml-stylesheet type='text/xsl' href='../../ld2webpage.xsl'?>
<LOBBYINGDISCLOSURE2>
  <imported>N</imported>
  <pages>1</pages>
  <submitURL>
  </submitURL>
  <organizationName>Anchor Consulting, LLC</organizationName>
  <prefix>
  </prefix>
  <firstName>
  </firstName>
  <lastName>
  </lastName>
  <registrantDifferentAddress>N</registrantDifferentAddress>
  <address1>5101 Cherokee Avenue</address1>
  <address2>
  </address2>
  <city>Alexandria</city>
  <state>VA</state>
  <zip>22312</zip>
  <zipext>
  </zipext>
  <country>USA</country>
  <principal_city>
  </principal_city>
  <principal_state>
  </principal_state>
  <principal_zip>
  </principal_zip>
  <principal_zipext>
  </principal_zipext>
  <principal_country>
  </principal_country>
  <contactIntlPhone>
  </contactIntlPhone>
  <selfSelect>N</selfSelect>
  <clientName>KC Windustrial Company</clientName>
  <clientGovtEntity>N</clientGovtEntity>
  <senateID>310313-1004125</senateID>
  <houseID>379130028</houseID>
  <reportYear>2014</reportYear>
  <reportType>2T</reportType>
  <terminationDate>4/1/2014</terminationDate>
  <noLobbying>Y</noLobbying>
  <income>
  </income>
  <expenses>
  </expenses>
  <expensesMethod>
  </expensesMethod>
  <printedName>Catherine Harper</printedName>
  <signedDate>5/19/2014 7:05:06 PM</signedDate>
  <alis>
  <ali_info>
    <issueAreaCode></issueAreaCode>
    <specific_issues>
      <description></description>
    </specific_issues>
    <federal_agencies></federal_agencies>
    <lobbyists>
      <lobbyist>
        <lobbyistFirstName></lobbyistFirstName>
        <lobbyistLastName></lobbyistLastName>
        <lobbyistSuffix></lobbyistSuffix>
        <coveredPosition></coveredPosition>
        <lobbyistNew></lobbyistNew>
      </lobbyist>
      <lobbyist>
        <lobbyistFirstName></lobbyistFirstName>
        <lobbyistLastName></lobbyistLastName>
        <lobbyistSuffix></lobbyistSuffix>
        <coveredPosition></coveredPosition>
        <lobbyistNew></lobbyistNew>
      </lobbyist>
      <lobbyist>
        <lobbyistFirstName></lobbyistFirstName>
        <lobbyistLastName></lobbyistLastName>
        <lobbyistSuffix></lobbyistSuffix>
        <coveredPosition></coveredPosition>
        <lobbyistNew></lobbyistNew>
      </lobbyist>
      <lobbyist>
        <lobbyistFirstName></lobbyistFirstName>
        <lobbyistLastName></lobbyistLastName>
        <lobbyistSuffix></lobbyistSuffix>
        <coveredPosition></coveredPosition>
        <lobbyistNew></lobbyistNew>
      </lobbyist>
      <lobbyist>
        <lobbyistFirstName></lobbyistFirstName>
        <lobbyistLastName></lobbyistLastName>
        <lobbyistSuffix></lobbyistSuffix>
        <coveredPosition></coveredPosition>
        <lobbyistNew></lobbyistNew>
      </lobbyist>
      <lobbyist>
        <lobbyistFirstName></lobbyistFirstName>
        <lobbyistLastName></lobbyistLastName>
        <lobbyistSuffix></lobbyistSuffix>
        <coveredPosition></coveredPosition>
        <lobbyistNew></lobbyistNew>
      </lobbyist>
      <lobbyist>
        <lobbyistFirstName></lobbyistFirstName>
        <lobbyistLastName></lobbyistLastName>
        <lobbyistSuffix></lobbyistSuffix>
        <coveredPosition></coveredPosition>
        <lobbyistNew></lobbyistNew>
      </lobbyist>
      <lobbyist>
        <lobbyistFirstName></lobbyistFirstName>
        <lobbyistLastName></lobbyistLastName>
        <lobbyistSuffix></lobbyistSuffix>
        <coveredPosition></coveredPosition>
        <lobbyistNew></lobbyistNew>
      </lobbyist>
      <lobbyist>
        <lobbyistFirstName></lobbyistFirstName>
        <lobbyistLastName></lobbyistLastName>
        <lobbyistSuffix></lobbyistSuffix>
        <coveredPosition></coveredPosition>
        <lobbyistNew></lobbyistNew>
      </lobbyist>
    </lobbyists>
    <foreign_entity_issues></foreign_entity_issues>
  </ali_info>
</alis>
  <updates>
  <clientAddress></clientAddress>
  <clientCity></clientCity>
  <clientState></clientState>
  <clientZip></clientZip>
  <clientZipext></clientZipext>
  <clientCountry></clientCountry>
  <prinClientCity></prinClientCity>
  <prinClientState></prinClientState>
  <prinClientZip></prinClientZip>
  <prinClientZipext></prinClientZipext>
  <prinClientCountry></prinClientCountry>
  <generalDescription></generalDescription>
  <inactive_lobbyists>
    <inactive_lobbyist>
      <firstName></firstName>
      <lastName></lastName>
      <suffix></suffix>
    </inactive_lobbyist>
    <inactive_lobbyist>
      <firstName></firstName>
      <lastName></lastName>
      <suffix></suffix>
    </inactive_lobbyist>
    <inactive_lobbyist>
      <firstName></firstName>
      <lastName></lastName>
      <suffix></suffix>
    </inactive_lobbyist>
    <inactive_lobbyist>
      <firstName></firstName>
      <lastName></lastName>
      <suffix></suffix>
    </inactive_lobbyist>
  </inactive_lobbyists>
  <inactive_ALIs>
    <ali_Code></ali_Code>
    <ali_Code></ali_Code>
    <ali_Code></ali_Code>
    <ali_Code></ali_Code>
    <ali_Code></ali_Code>
    <ali_Code></ali_Code>
    <ali_Code></ali_Code>
    <ali_Code></ali_Code>
    <ali_Code></ali_Code>
  </inactive_ALIs>
  <affiliatedUrl>
  </affiliatedUrl>
  <affiliatedOrgs>
    <affiliatedOrg>
      <affiliatedOrgName></affiliatedOrgName>
      <affiliatedOrgAddress></affiliatedOrgAddress>
      <affiliatedOrgCity></affiliatedOrgCity>
      <affiliatedOrgState></affiliatedOrgState>
      <affiliatedOrgZip></affiliatedOrgZip>
      <affiliatedOrgCountry></affiliatedOrgCountry>
      <affiliatedPrinOrgCity></affiliatedPrinOrgCity>
      <affiliatedPrinOrgState></affiliatedPrinOrgState>
      <affiliatedPrinOrgCountry></affiliatedPrinOrgCountry>
    </affiliatedOrg>
    <affiliatedOrg>
      <affiliatedOrgName></affiliatedOrgName>
      <affiliatedOrgAddress></affiliatedOrgAddress>
      <affiliatedOrgCity></affiliatedOrgCity>
      <affiliatedOrgState></affiliatedOrgState>
      <affiliatedOrgZip></affiliatedOrgZip>
      <affiliatedOrgCountry></affiliatedOrgCountry>
      <affiliatedPrinOrgCity></affiliatedPrinOrgCity>
      <affiliatedPrinOrgState></affiliatedPrinOrgState>
      <affiliatedPrinOrgCountry></affiliatedPrinOrgCountry>
    </affiliatedOrg>
  </affiliatedOrgs>
  <inactiveOrgs>
    <inactiveOrgName></inactiveOrgName>
    <inactiveOrgName></inactiveOrgName>
    <inactiveOrgName></inactiveOrgName>
  </inactiveOrgs>
  <foreignEntities>
    <foreignEntity>
      <name></name>
      <address></address>
      <city></city>
      <state></state>
      <country></country>
      <prinCity></prinCity>
      <prinState></prinState>
      <prinCountry></prinCountry>
      <contribution></contribution>
      <ownership_Percentage></ownership_Percentage>
    </foreignEntity>
  </foreignEntities>
  <inactive_ForeignEntities>
    <inactive_ForeignEntity></inactive_ForeignEntity>
    <inactive_ForeignEntity></inactive_ForeignEntity>
    <inactive_ForeignEntity></inactive_ForeignEntity>
    <inactive_ForeignEntity></inactive_ForeignEntity>
    <inactive_ForeignEntity></inactive_ForeignEntity>
    <inactive_ForeignEntity></inactive_ForeignEntity>
  </inactive_ForeignEntities>
</updates>
</LOBBYINGDISCLOSURE2>