<?xml version="1.0"?>
<?xml-stylesheet type='text/xsl' href='../../ld2.xsl'?>
<LOBBYINGDISCLOSURE2>
   <imported>N</imported>
   <pages>4</pages>
   <submitURL></submitURL>
   <organizationName>SIMON AND COMPANY</organizationName>
   <prefix></prefix>
   <firstName></firstName>
   <lastName></lastName>
   <registrantDifferentAddress>N</registrantDifferentAddress>
   <address1>1660 L STREET, NW, #501</address1>
   <address2></address2>
   <city>WASHINGTON</city>
   <state>DC</state>
   <zip>20036</zip>
   <zipext></zipext>
   <country>USA</country>
   <principal_city></principal_city>
   <principal_state></principal_state>
   <principal_zip></principal_zip>
   <principal_zipext></principal_zipext>
   <principal_country></principal_country>
   <selfSelect>N</selfSelect>
   <clientName>SAN LEANDRO, CA</clientName>
   <clientGovtEntity>N</clientGovtEntity>
   <senateID>35376-137</senateID>
   <houseID>317230010</houseID>
   <reportYear>2014</reportYear>
   <reportType>Q2</reportType>
   <terminationDate></terminationDate>
   <noLobbying></noLobbying>
   <income>9362.85</income>
   <expenses></expenses>
   <expensesMethod></expensesMethod>
   <printedName>Leonard Simon, President</printedName>
   <signedDate>04/21/2014</signedDate>
   <alis>
      <ali_info>
         <issueAreaCode>ECN</issueAreaCode>
         <specific_issues>
            <description>The Administration's Interagency " Investing in Manufacturing Communities Partnership" ICMP</description>
         </specific_issues>
         <federal_agencies>U.S. HOUSE OF REPRESENTATIVES, Commerce - Dept of  (DOC), Economic Development Administration</federal_agencies>
         <lobbyists>
            <lobbyist>
               <lobbyistFirstName>Leonard</lobbyistFirstName>
               <lobbyistLastName>Simon</lobbyistLastName>
               <lobbyistSuffix></lobbyistSuffix>
               <coveredPosition></coveredPosition>
               <lobbyistNew>N</lobbyistNew>
            </lobbyist>
            <lobbyist>
               <lobbyistFirstName>Brandon</lobbyistFirstName>
               <lobbyistLastName>Key</lobbyistLastName>
               <lobbyistSuffix></lobbyistSuffix>
               <coveredPosition></coveredPosition>
               <lobbyistNew>N</lobbyistNew>
            </lobbyist>
            <lobbyist>
               <lobbyistFirstName>Jennifer</lobbyistFirstName>
               <lobbyistLastName>Covino</lobbyistLastName>
               <lobbyistSuffix></lobbyistSuffix>
               <coveredPosition></coveredPosition>
               <lobbyistNew>N</lobbyistNew>
            </lobbyist>
            <lobbyist>
               <lobbyistFirstName></lobbyistFirstName>
               <lobbyistLastName></lobbyistLastName>
               <lobbyistSuffix></lobbyistSuffix>
               <coveredPosition></coveredPosition>
               <lobbyistNew>N</lobbyistNew>
            </lobbyist>
            <lobbyist>
               <lobbyistFirstName></lobbyistFirstName>
               <lobbyistLastName></lobbyistLastName>
               <lobbyistSuffix></lobbyistSuffix>
               <coveredPosition></coveredPosition>
               <lobbyistNew>N</lobbyistNew>
            </lobbyist>
            <lobbyist>
               <lobbyistFirstName></lobbyistFirstName>
               <lobbyistLastName></lobbyistLastName>
               <lobbyistSuffix></lobbyistSuffix>
               <coveredPosition></coveredPosition>
               <lobbyistNew>N</lobbyistNew>
            </lobbyist>
            <lobbyist>
               <lobbyistFirstName></lobbyistFirstName>
               <lobbyistLastName></lobbyistLastName>
               <lobbyistSuffix></lobbyistSuffix>
               <coveredPosition></coveredPosition>
               <lobbyistNew>N</lobbyistNew>
            </lobbyist>
            <lobbyist>
               <lobbyistFirstName></lobbyistFirstName>
               <lobbyistLastName></lobbyistLastName>
               <lobbyistSuffix></lobbyistSuffix>
               <coveredPosition></coveredPosition>
               <lobbyistNew>N</lobbyistNew>
            </lobbyist>
            <lobbyist>
               <lobbyistFirstName></lobbyistFirstName>
               <lobbyistLastName></lobbyistLastName>
               <lobbyistSuffix></lobbyistSuffix>
               <coveredPosition></coveredPosition>
               <lobbyistNew>N</lobbyistNew>
            </lobbyist>
         </lobbyists>
         <foreign_entity_issues></foreign_entity_issues>
      </ali_info>
      <ali_info>
         <issueAreaCode>TRA</issueAreaCode>
         <specific_issues>
            <description>Debriefing on application from past round of the DOT TIGER Discretionary Grant Program</description>
         </specific_issues>
         <federal_agencies>Transportation - Dept of (DOT)</federal_agencies>
         <lobbyists>
            <lobbyist>
               <lobbyistFirstName>Leonard </lobbyistFirstName>
               <lobbyistLastName>Simon </lobbyistLastName>
               <lobbyistSuffix></lobbyistSuffix>
               <coveredPosition></coveredPosition>
               <lobbyistNew>N</lobbyistNew>
            </lobbyist>
            <lobbyist>
               <lobbyistFirstName>Brandon </lobbyistFirstName>
               <lobbyistLastName>Key</lobbyistLastName>
               <lobbyistSuffix></lobbyistSuffix>
               <coveredPosition></coveredPosition>
               <lobbyistNew>N</lobbyistNew>
            </lobbyist>
            <lobbyist>
               <lobbyistFirstName>Jennifer</lobbyistFirstName>
               <lobbyistLastName>Covino</lobbyistLastName>
               <lobbyistSuffix></lobbyistSuffix>
               <coveredPosition></coveredPosition>
               <lobbyistNew>N</lobbyistNew>
            </lobbyist>
            <lobbyist>
               <lobbyistFirstName></lobbyistFirstName>
               <lobbyistLastName></lobbyistLastName>
               <lobbyistSuffix></lobbyistSuffix>
               <coveredPosition></coveredPosition>
               <lobbyistNew>N</lobbyistNew>
            </lobbyist>
            <lobbyist>
               <lobbyistFirstName></lobbyistFirstName>
               <lobbyistLastName></lobbyistLastName>
               <lobbyistSuffix></lobbyistSuffix>
               <coveredPosition></coveredPosition>
               <lobbyistNew>N</lobbyistNew>
            </lobbyist>
            <lobbyist>
               <lobbyistFirstName></lobbyistFirstName>
               <lobbyistLastName></lobbyistLastName>
               <lobbyistSuffix></lobbyistSuffix>
               <coveredPosition></coveredPosition>
               <lobbyistNew>N</lobbyistNew>
            </lobbyist>
            <lobbyist>
               <lobbyistFirstName></lobbyistFirstName>
               <lobbyistLastName></lobbyistLastName>
               <lobbyistSuffix></lobbyistSuffix>
               <coveredPosition></coveredPosition>
               <lobbyistNew>N</lobbyistNew>
            </lobbyist>
            <lobbyist>
               <lobbyistFirstName></lobbyistFirstName>
               <lobbyistLastName></lobbyistLastName>
               <lobbyistSuffix></lobbyistSuffix>
               <coveredPosition></coveredPosition>
               <lobbyistNew>N</lobbyistNew>
            </lobbyist>
            <lobbyist>
               <lobbyistFirstName></lobbyistFirstName>
               <lobbyistLastName></lobbyistLastName>
               <lobbyistSuffix></lobbyistSuffix>
               <coveredPosition></coveredPosition>
               <lobbyistNew>N</lobbyistNew>
            </lobbyist>
         </lobbyists>
         <foreign_entity_issues></foreign_entity_issues>
      </ali_info>
      <ali_info>
         <issueAreaCode>LAW</issueAreaCode>
         <specific_issues>
            <description>The COPS Hiring Program</description>
         </specific_issues>
         <federal_agencies>Justice - Dept of  (DOJ)</federal_agencies>
         <lobbyists>
            <lobbyist>
               <lobbyistFirstName>Leonard </lobbyistFirstName>
               <lobbyistLastName>Simon </lobbyistLastName>
               <lobbyistSuffix></lobbyistSuffix>
               <coveredPosition></coveredPosition>
               <lobbyistNew>N</lobbyistNew>
            </lobbyist>
            <lobbyist>
               <lobbyistFirstName>Brandon </lobbyistFirstName>
               <lobbyistLastName>Key</lobbyistLastName>
               <lobbyistSuffix></lobbyistSuffix>
               <coveredPosition></coveredPosition>
               <lobbyistNew>N</lobbyistNew>
            </lobbyist>
            <lobbyist>
               <lobbyistFirstName>Jennifer</lobbyistFirstName>
               <lobbyistLastName>Covino</lobbyistLastName>
               <lobbyistSuffix></lobbyistSuffix>
               <coveredPosition></coveredPosition>
               <lobbyistNew>N</lobbyistNew>
            </lobbyist>
            <lobbyist>
               <lobbyistFirstName></lobbyistFirstName>
               <lobbyistLastName></lobbyistLastName>
               <lobbyistSuffix></lobbyistSuffix>
               <coveredPosition></coveredPosition>
               <lobbyistNew>N</lobbyistNew>
            </lobbyist>
            <lobbyist>
               <lobbyistFirstName></lobbyistFirstName>
               <lobbyistLastName></lobbyistLastName>
               <lobbyistSuffix></lobbyistSuffix>
               <coveredPosition></coveredPosition>
               <lobbyistNew>N</lobbyistNew>
            </lobbyist>
            <lobbyist>
               <lobbyistFirstName></lobbyistFirstName>
               <lobbyistLastName></lobbyistLastName>
               <lobbyistSuffix></lobbyistSuffix>
               <coveredPosition></coveredPosition>
               <lobbyistNew>N</lobbyistNew>
            </lobbyist>
            <lobbyist>
               <lobbyistFirstName></lobbyistFirstName>
               <lobbyistLastName></lobbyistLastName>
               <lobbyistSuffix></lobbyistSuffix>
               <coveredPosition></coveredPosition>
               <lobbyistNew>N</lobbyistNew>
            </lobbyist>
            <lobbyist>
               <lobbyistFirstName></lobbyistFirstName>
               <lobbyistLastName></lobbyistLastName>
               <lobbyistSuffix></lobbyistSuffix>
               <coveredPosition></coveredPosition>
               <lobbyistNew>N</lobbyistNew>
            </lobbyist>
            <lobbyist>
               <lobbyistFirstName></lobbyistFirstName>
               <lobbyistLastName></lobbyistLastName>
               <lobbyistSuffix></lobbyistSuffix>
               <coveredPosition></coveredPosition>
               <lobbyistNew>N</lobbyistNew>
            </lobbyist>
         </lobbyists>
         <foreign_entity_issues></foreign_entity_issues>
      </ali_info>
   </alis>
   <updates>
      <clientAddress></clientAddress>
      <clientCity></clientCity>
      <clientState></clientState>
      <clientZip></clientZip>
      <clientZipext></clientZipext>
      <clientCountry></clientCountry>
      <prinClientCity></prinClientCity>
      <prinClientState></prinClientState>
      <prinClientZip></prinClientZip>
      <prinClientZipext></prinClientZipext>
      <prinClientCountry></prinClientCountry>
      <generalDescription></generalDescription>
      <inactive_lobbyists>
         <inactive_lobbyist>
            <firstName></firstName>
            <lastName></lastName>
            <suffix></suffix>
         </inactive_lobbyist>
         <inactive_lobbyist>
            <firstName></firstName>
            <lastName></lastName>
            <suffix></suffix>
         </inactive_lobbyist>
         <inactive_lobbyist>
            <firstName></firstName>
            <lastName></lastName>
            <suffix></suffix>
         </inactive_lobbyist>
         <inactive_lobbyist>
            <firstName></firstName>
            <lastName></lastName>
            <suffix></suffix>
         </inactive_lobbyist>
      </inactive_lobbyists>
      <inactive_ALIs>
         <ali_Code></ali_Code>
         <ali_Code></ali_Code>
         <ali_Code></ali_Code>
         <ali_Code></ali_Code>
         <ali_Code></ali_Code>
         <ali_Code></ali_Code>
         <ali_Code></ali_Code>
         <ali_Code></ali_Code>
         <ali_Code></ali_Code>
      </inactive_ALIs>
      <affiliatedUrl></affiliatedUrl>
      <affiliatedOrgs>
         <affiliatedOrg>
            <affiliatedOrgName></affiliatedOrgName>
            <affiliatedOrgAddress></affiliatedOrgAddress>
            <affiliatedOrgCity></affiliatedOrgCity>
            <affiliatedOrgState></affiliatedOrgState>
            <affiliatedOrgZip></affiliatedOrgZip>
            <affiliatedOrgCountry></affiliatedOrgCountry>
            <affiliatedPrinOrgCity></affiliatedPrinOrgCity>
            <affiliatedPrinOrgState></affiliatedPrinOrgState>
            <affiliatedPrinOrgCountry></affiliatedPrinOrgCountry>
         </affiliatedOrg>
         <affiliatedOrg>
            <affiliatedOrgName></affiliatedOrgName>
            <affiliatedOrgAddress></affiliatedOrgAddress>
            <affiliatedOrgCity></affiliatedOrgCity>
            <affiliatedOrgState></affiliatedOrgState>
            <affiliatedOrgZip></affiliatedOrgZip>
            <affiliatedOrgCountry></affiliatedOrgCountry>
            <affiliatedPrinOrgCity></affiliatedPrinOrgCity>
            <affiliatedPrinOrgState></affiliatedPrinOrgState>
            <affiliatedPrinOrgCountry></affiliatedPrinOrgCountry>
         </affiliatedOrg>
      </affiliatedOrgs>
      <inactiveOrgs>
         <inactiveOrgName></inactiveOrgName>
         <inactiveOrgName></inactiveOrgName>
         <inactiveOrgName></inactiveOrgName>
      </inactiveOrgs>
      <foreignEntities>
         <foreignEntity>
            <name></name>
            <address></address>
            <city></city>
            <state></state>
            <country></country>
            <prinCity></prinCity>
            <prinState></prinState>
            <prinCountry></prinCountry>
            <contribution></contribution>
            <ownership_Percentage></ownership_Percentage>
         </foreignEntity>
      </foreignEntities>
      <inactive_ForeignEntities>
         <inactive_ForeignEntity></inactive_ForeignEntity>
         <inactive_ForeignEntity></inactive_ForeignEntity>
         <inactive_ForeignEntity></inactive_ForeignEntity>
         <inactive_ForeignEntity></inactive_ForeignEntity>
         <inactive_ForeignEntity></inactive_ForeignEntity>
         <inactive_ForeignEntity></inactive_ForeignEntity>
      </inactive_ForeignEntities>
   </updates>
</LOBBYINGDISCLOSURE2>