<?xml version="1.0"?>
<?xml-stylesheet type='text/xsl' href='../../ld2.xsl'?>
<LOBBYINGDISCLOSURE2>
   <imported>N</imported>
   <pages>5</pages>
   <submitURL></submitURL>
   <organizationName>Capitol Hill Partners</organizationName>
   <prefix></prefix>
   <firstName></firstName>
   <lastName></lastName>
   <registrantDifferentAddress>N</registrantDifferentAddress>
   <address1>513 Capitol Court, NE, Suite 100</address1>
   <address2></address2>
   <city>Washington</city>
   <state>DC</state>
   <zip>20002</zip>
   <zipext></zipext>
   <country>USA</country>
   <principal_city></principal_city>
   <principal_state></principal_state>
   <principal_zip></principal_zip>
   <principal_zipext></principal_zipext>
   <principal_country></principal_country>
   <selfSelect>N</selfSelect>
   <clientName>The Association of Schools of Allied Health Professions</clientName>
   <clientGovtEntity>N</clientGovtEntity>
   <senateID>400459241-12</senateID>
   <houseID>408530001</houseID>
   <reportYear>2014</reportYear>
   <reportType>Q2</reportType>
   <terminationDate></terminationDate>
   <noLobbying></noLobbying>
   <income>10000.00</income>
   <expenses></expenses>
   <expensesMethod></expensesMethod>
   <printedName>Leander J. Foley, III, Partner</printedName>
   <signedDate>05/18/2014</signedDate>
   <alis>
      <ali_info>
         <issueAreaCode>HCR</issueAreaCode>
         <specific_issues>
            <description>Health Reform
Allied Health Reinvestment Act</description>
         </specific_issues>
         <federal_agencies>U.S. HOUSE OF REPRESENTATIVES, U.S. SENATE, Health &amp; Human Services - Dept of  (HHS), Labor - Dept of (DOL)</federal_agencies>
         <lobbyists>
            <lobbyist>
               <lobbyistFirstName>John</lobbyistFirstName>
               <lobbyistLastName>Colbert</lobbyistLastName>
               <lobbyistSuffix></lobbyistSuffix>
               <coveredPosition>Schedule C Employee, Dept. of Labor 1996-2001</coveredPosition>
               <lobbyistNew>N</lobbyistNew>
            </lobbyist>
            <lobbyist>
               <lobbyistFirstName>Lee</lobbyistFirstName>
               <lobbyistLastName>Foley</lobbyistLastName>
               <lobbyistSuffix>III</lobbyistSuffix>
               <coveredPosition></coveredPosition>
               <lobbyistNew>N</lobbyistNew>
            </lobbyist>
            <lobbyist>
               <lobbyistFirstName>Jim </lobbyistFirstName>
               <lobbyistLastName>Sourwine</lobbyistLastName>
               <lobbyistSuffix></lobbyistSuffix>
               <coveredPosition>Pro. Staff Memb-Sen. Approps. Comm 1975-2007</coveredPosition>
               <lobbyistNew>N</lobbyistNew>
            </lobbyist>
            <lobbyist>
               <lobbyistFirstName></lobbyistFirstName>
               <lobbyistLastName></lobbyistLastName>
               <lobbyistSuffix></lobbyistSuffix>
               <coveredPosition></coveredPosition>
               <lobbyistNew>N</lobbyistNew>
            </lobbyist>
            <lobbyist>
               <lobbyistFirstName></lobbyistFirstName>
               <lobbyistLastName></lobbyistLastName>
               <lobbyistSuffix></lobbyistSuffix>
               <coveredPosition></coveredPosition>
               <lobbyistNew>N</lobbyistNew>
            </lobbyist>
            <lobbyist>
               <lobbyistFirstName></lobbyistFirstName>
               <lobbyistLastName></lobbyistLastName>
               <lobbyistSuffix></lobbyistSuffix>
               <coveredPosition></coveredPosition>
               <lobbyistNew>N</lobbyistNew>
            </lobbyist>
            <lobbyist>
               <lobbyistFirstName></lobbyistFirstName>
               <lobbyistLastName></lobbyistLastName>
               <lobbyistSuffix></lobbyistSuffix>
               <coveredPosition></coveredPosition>
               <lobbyistNew>N</lobbyistNew>
            </lobbyist>
            <lobbyist>
               <lobbyistFirstName></lobbyistFirstName>
               <lobbyistLastName></lobbyistLastName>
               <lobbyistSuffix></lobbyistSuffix>
               <coveredPosition></coveredPosition>
               <lobbyistNew>N</lobbyistNew>
            </lobbyist>
            <lobbyist>
               <lobbyistFirstName></lobbyistFirstName>
               <lobbyistLastName></lobbyistLastName>
               <lobbyistSuffix></lobbyistSuffix>
               <coveredPosition></coveredPosition>
               <lobbyistNew>N</lobbyistNew>
            </lobbyist>
         </lobbyists>
         <foreign_entity_issues></foreign_entity_issues>
      </ali_info>
      <ali_info>
         <issueAreaCode>BUD</issueAreaCode>
         <specific_issues>
            <description>Labor-HHS Appropriations</description>
         </specific_issues>
         <federal_agencies>U.S. HOUSE OF REPRESENTATIVES, U.S. SENATE, Health &amp; Human Services - Dept of  (HHS), Labor - Dept of (DOL)</federal_agencies>
         <lobbyists>
            <lobbyist>
               <lobbyistFirstName>John</lobbyistFirstName>
               <lobbyistLastName>Colbert</lobbyistLastName>
               <lobbyistSuffix></lobbyistSuffix>
               <coveredPosition>Schedule C Employee, Dept. of Labor 1996-2001</coveredPosition>
               <lobbyistNew>N</lobbyistNew>
            </lobbyist>
            <lobbyist>
               <lobbyistFirstName>Lee</lobbyistFirstName>
               <lobbyistLastName>Foley</lobbyistLastName>
               <lobbyistSuffix>III</lobbyistSuffix>
               <coveredPosition></coveredPosition>
               <lobbyistNew>N</lobbyistNew>
            </lobbyist>
            <lobbyist>
               <lobbyistFirstName>Jim</lobbyistFirstName>
               <lobbyistLastName>Sourwine</lobbyistLastName>
               <lobbyistSuffix></lobbyistSuffix>
               <coveredPosition>Pro. Staff Memb - Sen. Approps. Comm 1975-2007</coveredPosition>
               <lobbyistNew>N</lobbyistNew>
            </lobbyist>
            <lobbyist>
               <lobbyistFirstName></lobbyistFirstName>
               <lobbyistLastName></lobbyistLastName>
               <lobbyistSuffix></lobbyistSuffix>
               <coveredPosition></coveredPosition>
               <lobbyistNew>N</lobbyistNew>
            </lobbyist>
            <lobbyist>
               <lobbyistFirstName></lobbyistFirstName>
               <lobbyistLastName></lobbyistLastName>
               <lobbyistSuffix></lobbyistSuffix>
               <coveredPosition></coveredPosition>
               <lobbyistNew>N</lobbyistNew>
            </lobbyist>
            <lobbyist>
               <lobbyistFirstName></lobbyistFirstName>
               <lobbyistLastName></lobbyistLastName>
               <lobbyistSuffix></lobbyistSuffix>
               <coveredPosition></coveredPosition>
               <lobbyistNew>N</lobbyistNew>
            </lobbyist>
            <lobbyist>
               <lobbyistFirstName></lobbyistFirstName>
               <lobbyistLastName></lobbyistLastName>
               <lobbyistSuffix></lobbyistSuffix>
               <coveredPosition></coveredPosition>
               <lobbyistNew>N</lobbyistNew>
            </lobbyist>
            <lobbyist>
               <lobbyistFirstName></lobbyistFirstName>
               <lobbyistLastName></lobbyistLastName>
               <lobbyistSuffix></lobbyistSuffix>
               <coveredPosition></coveredPosition>
               <lobbyistNew>N</lobbyistNew>
            </lobbyist>
            <lobbyist>
               <lobbyistFirstName></lobbyistFirstName>
               <lobbyistLastName></lobbyistLastName>
               <lobbyistSuffix></lobbyistSuffix>
               <coveredPosition></coveredPosition>
               <lobbyistNew>N</lobbyistNew>
            </lobbyist>
         </lobbyists>
         <foreign_entity_issues></foreign_entity_issues>
      </ali_info>
      <ali_info>
         <issueAreaCode>LBR</issueAreaCode>
         <specific_issues>
            <description>Workforce Investment Act Reauthorization</description>
         </specific_issues>
         <federal_agencies>U.S. HOUSE OF REPRESENTATIVES, U.S. SENATE, Health &amp; Human Services - Dept of  (HHS), Labor - Dept of (DOL)</federal_agencies>
         <lobbyists>
            <lobbyist>
               <lobbyistFirstName>John</lobbyistFirstName>
               <lobbyistLastName>Colbert</lobbyistLastName>
               <lobbyistSuffix></lobbyistSuffix>
               <coveredPosition>Schedule C Employee, Dept. of Labor 1996-2001</coveredPosition>
               <lobbyistNew>N</lobbyistNew>
            </lobbyist>
            <lobbyist>
               <lobbyistFirstName>Lee</lobbyistFirstName>
               <lobbyistLastName>Foley</lobbyistLastName>
               <lobbyistSuffix>III</lobbyistSuffix>
               <coveredPosition></coveredPosition>
               <lobbyistNew>N</lobbyistNew>
            </lobbyist>
            <lobbyist>
               <lobbyistFirstName>Jim</lobbyistFirstName>
               <lobbyistLastName>Sourwine</lobbyistLastName>
               <lobbyistSuffix></lobbyistSuffix>
               <coveredPosition>Pro. Staff Memb-Sen. Approps. Comm 1975-2007</coveredPosition>
               <lobbyistNew>N</lobbyistNew>
            </lobbyist>
            <lobbyist>
               <lobbyistFirstName></lobbyistFirstName>
               <lobbyistLastName></lobbyistLastName>
               <lobbyistSuffix></lobbyistSuffix>
               <coveredPosition></coveredPosition>
               <lobbyistNew>N</lobbyistNew>
            </lobbyist>
            <lobbyist>
               <lobbyistFirstName></lobbyistFirstName>
               <lobbyistLastName></lobbyistLastName>
               <lobbyistSuffix></lobbyistSuffix>
               <coveredPosition></coveredPosition>
               <lobbyistNew>N</lobbyistNew>
            </lobbyist>
            <lobbyist>
               <lobbyistFirstName></lobbyistFirstName>
               <lobbyistLastName></lobbyistLastName>
               <lobbyistSuffix></lobbyistSuffix>
               <coveredPosition></coveredPosition>
               <lobbyistNew>N</lobbyistNew>
            </lobbyist>
            <lobbyist>
               <lobbyistFirstName></lobbyistFirstName>
               <lobbyistLastName></lobbyistLastName>
               <lobbyistSuffix></lobbyistSuffix>
               <coveredPosition></coveredPosition>
               <lobbyistNew>N</lobbyistNew>
            </lobbyist>
            <lobbyist>
               <lobbyistFirstName></lobbyistFirstName>
               <lobbyistLastName></lobbyistLastName>
               <lobbyistSuffix></lobbyistSuffix>
               <coveredPosition></coveredPosition>
               <lobbyistNew>N</lobbyistNew>
            </lobbyist>
            <lobbyist>
               <lobbyistFirstName></lobbyistFirstName>
               <lobbyistLastName></lobbyistLastName>
               <lobbyistSuffix></lobbyistSuffix>
               <coveredPosition></coveredPosition>
               <lobbyistNew>N</lobbyistNew>
            </lobbyist>
         </lobbyists>
         <foreign_entity_issues></foreign_entity_issues>
      </ali_info>
      <ali_info>
         <issueAreaCode>EDU</issueAreaCode>
         <specific_issues>
            <description>Higher Education Act Reauthorization</description>
         </specific_issues>
         <federal_agencies>U.S. HOUSE OF REPRESENTATIVES, U.S. SENATE, Health &amp; Human Services - Dept of  (HHS), Labor - Dept of (DOL)</federal_agencies>
         <lobbyists>
            <lobbyist>
               <lobbyistFirstName>John</lobbyistFirstName>
               <lobbyistLastName>Colbert</lobbyistLastName>
               <lobbyistSuffix></lobbyistSuffix>
               <coveredPosition>Schedule C Employee, Dept. of Labor 1996-2001</coveredPosition>
               <lobbyistNew>N</lobbyistNew>
            </lobbyist>
            <lobbyist>
               <lobbyistFirstName>Lee</lobbyistFirstName>
               <lobbyistLastName>Foley</lobbyistLastName>
               <lobbyistSuffix>III</lobbyistSuffix>
               <coveredPosition></coveredPosition>
               <lobbyistNew>N</lobbyistNew>
            </lobbyist>
            <lobbyist>
               <lobbyistFirstName>Jim</lobbyistFirstName>
               <lobbyistLastName>Sourwine</lobbyistLastName>
               <lobbyistSuffix></lobbyistSuffix>
               <coveredPosition>Pro. Staff Memb-Sen. Approps. Comm 1975-1007</coveredPosition>
               <lobbyistNew>N</lobbyistNew>
            </lobbyist>
            <lobbyist>
               <lobbyistFirstName></lobbyistFirstName>
               <lobbyistLastName></lobbyistLastName>
               <lobbyistSuffix></lobbyistSuffix>
               <coveredPosition></coveredPosition>
               <lobbyistNew>N</lobbyistNew>
            </lobbyist>
            <lobbyist>
               <lobbyistFirstName></lobbyistFirstName>
               <lobbyistLastName></lobbyistLastName>
               <lobbyistSuffix></lobbyistSuffix>
               <coveredPosition></coveredPosition>
               <lobbyistNew>N</lobbyistNew>
            </lobbyist>
            <lobbyist>
               <lobbyistFirstName></lobbyistFirstName>
               <lobbyistLastName></lobbyistLastName>
               <lobbyistSuffix></lobbyistSuffix>
               <coveredPosition></coveredPosition>
               <lobbyistNew>N</lobbyistNew>
            </lobbyist>
            <lobbyist>
               <lobbyistFirstName></lobbyistFirstName>
               <lobbyistLastName></lobbyistLastName>
               <lobbyistSuffix></lobbyistSuffix>
               <coveredPosition></coveredPosition>
               <lobbyistNew>N</lobbyistNew>
            </lobbyist>
            <lobbyist>
               <lobbyistFirstName></lobbyistFirstName>
               <lobbyistLastName></lobbyistLastName>
               <lobbyistSuffix></lobbyistSuffix>
               <coveredPosition></coveredPosition>
               <lobbyistNew>N</lobbyistNew>
            </lobbyist>
            <lobbyist>
               <lobbyistFirstName></lobbyistFirstName>
               <lobbyistLastName></lobbyistLastName>
               <lobbyistSuffix></lobbyistSuffix>
               <coveredPosition></coveredPosition>
               <lobbyistNew>N</lobbyistNew>
            </lobbyist>
         </lobbyists>
         <foreign_entity_issues></foreign_entity_issues>
      </ali_info>
   </alis>
   <updates>
      <clientAddress></clientAddress>
      <clientCity></clientCity>
      <clientState></clientState>
      <clientZip></clientZip>
      <clientZipext></clientZipext>
      <clientCountry></clientCountry>
      <prinClientCity></prinClientCity>
      <prinClientState></prinClientState>
      <prinClientZip></prinClientZip>
      <prinClientZipext></prinClientZipext>
      <prinClientCountry></prinClientCountry>
      <generalDescription></generalDescription>
      <inactive_lobbyists>
         <inactive_lobbyist>
            <firstName></firstName>
            <lastName></lastName>
            <suffix></suffix>
         </inactive_lobbyist>
         <inactive_lobbyist>
            <firstName></firstName>
            <lastName></lastName>
            <suffix></suffix>
         </inactive_lobbyist>
         <inactive_lobbyist>
            <firstName></firstName>
            <lastName></lastName>
            <suffix></suffix>
         </inactive_lobbyist>
         <inactive_lobbyist>
            <firstName></firstName>
            <lastName></lastName>
            <suffix></suffix>
         </inactive_lobbyist>
      </inactive_lobbyists>
      <inactive_ALIs>
         <ali_Code></ali_Code>
         <ali_Code></ali_Code>
         <ali_Code></ali_Code>
         <ali_Code></ali_Code>
         <ali_Code></ali_Code>
         <ali_Code></ali_Code>
         <ali_Code></ali_Code>
         <ali_Code></ali_Code>
         <ali_Code></ali_Code>
      </inactive_ALIs>
      <affiliatedUrl></affiliatedUrl>
      <affiliatedOrgs>
         <affiliatedOrg>
            <affiliatedOrgName></affiliatedOrgName>
            <affiliatedOrgAddress></affiliatedOrgAddress>
            <affiliatedOrgCity></affiliatedOrgCity>
            <affiliatedOrgState></affiliatedOrgState>
            <affiliatedOrgZip></affiliatedOrgZip>
            <affiliatedOrgCountry></affiliatedOrgCountry>
            <affiliatedPrinOrgCity></affiliatedPrinOrgCity>
            <affiliatedPrinOrgState></affiliatedPrinOrgState>
            <affiliatedPrinOrgCountry></affiliatedPrinOrgCountry>
         </affiliatedOrg>
         <affiliatedOrg>
            <affiliatedOrgName></affiliatedOrgName>
            <affiliatedOrgAddress></affiliatedOrgAddress>
            <affiliatedOrgCity></affiliatedOrgCity>
            <affiliatedOrgState></affiliatedOrgState>
            <affiliatedOrgZip></affiliatedOrgZip>
            <affiliatedOrgCountry></affiliatedOrgCountry>
            <affiliatedPrinOrgCity></affiliatedPrinOrgCity>
            <affiliatedPrinOrgState></affiliatedPrinOrgState>
            <affiliatedPrinOrgCountry></affiliatedPrinOrgCountry>
         </affiliatedOrg>
      </affiliatedOrgs>
      <inactiveOrgs>
         <inactiveOrgName></inactiveOrgName>
         <inactiveOrgName></inactiveOrgName>
         <inactiveOrgName></inactiveOrgName>
      </inactiveOrgs>
      <foreignEntities>
         <foreignEntity>
            <name></name>
            <address></address>
            <city></city>
            <state></state>
            <country></country>
            <prinCity></prinCity>
            <prinState></prinState>
            <prinCountry></prinCountry>
            <contribution></contribution>
            <ownership_Percentage></ownership_Percentage>
         </foreignEntity>
      </foreignEntities>
      <inactive_ForeignEntities>
         <inactive_ForeignEntity></inactive_ForeignEntity>
         <inactive_ForeignEntity></inactive_ForeignEntity>
         <inactive_ForeignEntity></inactive_ForeignEntity>
         <inactive_ForeignEntity></inactive_ForeignEntity>
         <inactive_ForeignEntity></inactive_ForeignEntity>
         <inactive_ForeignEntity></inactive_ForeignEntity>
      </inactive_ForeignEntities>
   </updates>
</LOBBYINGDISCLOSURE2>