<?xml version="1.0" encoding="utf-8"?>
<?xml-stylesheet type='text/xsl' href='../../ld2webpage.xsl'?>
<LOBBYINGDISCLOSURE2>
  <imported>N</imported>
  <pages>10</pages>
  <submitURL>
  </submitURL>
  <organizationName>Brick Strategies, LLC</organizationName>
  <prefix>
  </prefix>
  <firstName>
  </firstName>
  <lastName>
  </lastName>
  <registrantDifferentAddress>N</registrantDifferentAddress>
  <address1>21 6th Street, NE</address1>
  <address2>Suite 102</address2>
  <city>Washington</city>
  <state>DC</state>
  <zip>20002</zip>
  <zipext>
  </zipext>
  <country>USA</country>
  <principal_city>
  </principal_city>
  <principal_state>
  </principal_state>
  <principal_zip>
  </principal_zip>
  <principal_zipext>
  </principal_zipext>
  <principal_country>
  </principal_country>
  <contactIntlPhone>
  </contactIntlPhone>
  <selfSelect>N</selfSelect>
  <clientName>Lam Research Corporation</clientName>
  <clientGovtEntity>N</clientGovtEntity>
  <senateID>401066003-12</senateID>
  <houseID>423160001</houseID>
  <reportYear>2014</reportYear>
  <reportType>2T</reportType>
  <terminationDate>5/23/2014</terminationDate>
  <noLobbying>
  </noLobbying>
  <income>
  </income>
  <expenses>
  </expenses>
  <expensesMethod>
  </expensesMethod>
  <printedName>Kenneth Schramko</printedName>
  <signedDate>5/23/2014 4:24:39 PM</signedDate>
  <alis>
    <ali_info>
      <issueAreaCode>BUD</issueAreaCode>
      <specific_issues>
        <description>Federal Funding for Research &amp; Development and Manufacturing; Commerce, Justice &amp; Science Appropriations and Authorization - National Institute of Standards and Technology (NIST); S. 1468 &amp; H.R. 2996 - Revitalize American Manufacturing and Innovation Act of 2013</description>
      </specific_issues>
      <federal_agencies>U.S. SENATE, U.S. HOUSE OF REPRESENTATIVES, Executive Office of the President (EOP), Natl Institute of Standards &amp; Technology (NIST)</federal_agencies>
      <lobbyists>
        <lobbyist>
          <lobbyistFirstName>Kenneth</lobbyistFirstName>
          <lobbyistLastName>Schramko</lobbyistLastName>
          <lobbyistSuffix>
          </lobbyistSuffix>
          <coveredPosition>
          </coveredPosition>
          <lobbyistNew>N</lobbyistNew>
        </lobbyist>
        <lobbyist>
          <lobbyistFirstName>
          </lobbyistFirstName>
          <lobbyistLastName>
          </lobbyistLastName>
          <lobbyistSuffix>
          </lobbyistSuffix>
          <coveredPosition>
          </coveredPosition>
          <lobbyistNew>N</lobbyistNew>
        </lobbyist>
        <lobbyist>
          <lobbyistFirstName>
          </lobbyistFirstName>
          <lobbyistLastName>
          </lobbyistLastName>
          <lobbyistSuffix>
          </lobbyistSuffix>
          <coveredPosition>
          </coveredPosition>
          <lobbyistNew>N</lobbyistNew>
        </lobbyist>
        <lobbyist>
          <lobbyistFirstName>
          </lobbyistFirstName>
          <lobbyistLastName>
          </lobbyistLastName>
          <lobbyistSuffix>
          </lobbyistSuffix>
          <coveredPosition>
          </coveredPosition>
          <lobbyistNew>N</lobbyistNew>
        </lobbyist>
        <lobbyist>
          <lobbyistFirstName>
          </lobbyistFirstName>
          <lobbyistLastName>
          </lobbyistLastName>
          <lobbyistSuffix>
          </lobbyistSuffix>
          <coveredPosition>
          </coveredPosition>
          <lobbyistNew>N</lobbyistNew>
        </lobbyist>
        <lobbyist>
          <lobbyistFirstName>
          </lobbyistFirstName>
          <lobbyistLastName>
          </lobbyistLastName>
          <lobbyistSuffix>
          </lobbyistSuffix>
          <coveredPosition>
          </coveredPosition>
          <lobbyistNew>N</lobbyistNew>
        </lobbyist>
        <lobbyist>
          <lobbyistFirstName>
          </lobbyistFirstName>
          <lobbyistLastName>
          </lobbyistLastName>
          <lobbyistSuffix>
          </lobbyistSuffix>
          <coveredPosition>
          </coveredPosition>
          <lobbyistNew>N</lobbyistNew>
        </lobbyist>
        <lobbyist>
          <lobbyistFirstName>
          </lobbyistFirstName>
          <lobbyistLastName>
          </lobbyistLastName>
          <lobbyistSuffix>
          </lobbyistSuffix>
          <coveredPosition>
          </coveredPosition>
          <lobbyistNew>N</lobbyistNew>
        </lobbyist>
        <lobbyist>
          <lobbyistFirstName>
          </lobbyistFirstName>
          <lobbyistLastName>
          </lobbyistLastName>
          <lobbyistSuffix>
          </lobbyistSuffix>
          <coveredPosition>
          </coveredPosition>
          <lobbyistNew>N</lobbyistNew>
        </lobbyist>
      </lobbyists>
      <foreign_entity_issues>
      </foreign_entity_issues>
    </ali_info>
    <ali_info>
      <issueAreaCode>CPT</issueAreaCode>
      <specific_issues>
        <description>General Intellectual Property Protection and Enforcement Policies</description>
      </specific_issues>
      <federal_agencies>U.S. SENATE, U.S. HOUSE OF REPRESENTATIVES</federal_agencies>
      <lobbyists>
        <lobbyist>
          <lobbyistFirstName>Kenneth</lobbyistFirstName>
          <lobbyistLastName>Schramko</lobbyistLastName>
          <lobbyistSuffix>
          </lobbyistSuffix>
          <coveredPosition>
          </coveredPosition>
          <lobbyistNew>N</lobbyistNew>
        </lobbyist>
        <lobbyist>
          <lobbyistFirstName>
          </lobbyistFirstName>
          <lobbyistLastName>
          </lobbyistLastName>
          <lobbyistSuffix>
          </lobbyistSuffix>
          <coveredPosition>
          </coveredPosition>
          <lobbyistNew>N</lobbyistNew>
        </lobbyist>
        <lobbyist>
          <lobbyistFirstName>
          </lobbyistFirstName>
          <lobbyistLastName>
          </lobbyistLastName>
          <lobbyistSuffix>
          </lobbyistSuffix>
          <coveredPosition>
          </coveredPosition>
          <lobbyistNew>N</lobbyistNew>
        </lobbyist>
        <lobbyist>
          <lobbyistFirstName>
          </lobbyistFirstName>
          <lobbyistLastName>
          </lobbyistLastName>
          <lobbyistSuffix>
          </lobbyistSuffix>
          <coveredPosition>
          </coveredPosition>
          <lobbyistNew>N</lobbyistNew>
        </lobbyist>
        <lobbyist>
          <lobbyistFirstName>
          </lobbyistFirstName>
          <lobbyistLastName>
          </lobbyistLastName>
          <lobbyistSuffix>
          </lobbyistSuffix>
          <coveredPosition>
          </coveredPosition>
          <lobbyistNew>N</lobbyistNew>
        </lobbyist>
        <lobbyist>
          <lobbyistFirstName>
          </lobbyistFirstName>
          <lobbyistLastName>
          </lobbyistLastName>
          <lobbyistSuffix>
          </lobbyistSuffix>
          <coveredPosition>
          </coveredPosition>
          <lobbyistNew>N</lobbyistNew>
        </lobbyist>
        <lobbyist>
          <lobbyistFirstName>
          </lobbyistFirstName>
          <lobbyistLastName>
          </lobbyistLastName>
          <lobbyistSuffix>
          </lobbyistSuffix>
          <coveredPosition>
          </coveredPosition>
          <lobbyistNew>N</lobbyistNew>
        </lobbyist>
        <lobbyist>
          <lobbyistFirstName>
          </lobbyistFirstName>
          <lobbyistLastName>
          </lobbyistLastName>
          <lobbyistSuffix>
          </lobbyistSuffix>
          <coveredPosition>
          </coveredPosition>
          <lobbyistNew>N</lobbyistNew>
        </lobbyist>
        <lobbyist>
          <lobbyistFirstName>
          </lobbyistFirstName>
          <lobbyistLastName>
          </lobbyistLastName>
          <lobbyistSuffix>
          </lobbyistSuffix>
          <coveredPosition>
          </coveredPosition>
          <lobbyistNew>N</lobbyistNew>
        </lobbyist>
      </lobbyists>
      <foreign_entity_issues>
      </foreign_entity_issues>
    </ali_info>
    <ali_info>
      <issueAreaCode>DEF</issueAreaCode>
      <specific_issues>
        <description>Export Control Policy on Dual Use Technology and the Export Administration Regulations; Comprehensive Export Control Reform</description>
      </specific_issues>
      <federal_agencies>U.S. SENATE, U.S. HOUSE OF REPRESENTATIVES</federal_agencies>
      <lobbyists>
        <lobbyist>
          <lobbyistFirstName>Kenneth</lobbyistFirstName>
          <lobbyistLastName>Schramko</lobbyistLastName>
          <lobbyistSuffix>
          </lobbyistSuffix>
          <coveredPosition>
          </coveredPosition>
          <lobbyistNew>N</lobbyistNew>
        </lobbyist>
        <lobbyist>
          <lobbyistFirstName>
          </lobbyistFirstName>
          <lobbyistLastName>
          </lobbyistLastName>
          <lobbyistSuffix>
          </lobbyistSuffix>
          <coveredPosition>
          </coveredPosition>
          <lobbyistNew>N</lobbyistNew>
        </lobbyist>
        <lobbyist>
          <lobbyistFirstName>
          </lobbyistFirstName>
          <lobbyistLastName>
          </lobbyistLastName>
          <lobbyistSuffix>
          </lobbyistSuffix>
          <coveredPosition>
          </coveredPosition>
          <lobbyistNew>N</lobbyistNew>
        </lobbyist>
        <lobbyist>
          <lobbyistFirstName>
          </lobbyistFirstName>
          <lobbyistLastName>
          </lobbyistLastName>
          <lobbyistSuffix>
          </lobbyistSuffix>
          <coveredPosition>
          </coveredPosition>
          <lobbyistNew>N</lobbyistNew>
        </lobbyist>
        <lobbyist>
          <lobbyistFirstName>
          </lobbyistFirstName>
          <lobbyistLastName>
          </lobbyistLastName>
          <lobbyistSuffix>
          </lobbyistSuffix>
          <coveredPosition>
          </coveredPosition>
          <lobbyistNew>N</lobbyistNew>
        </lobbyist>
        <lobbyist>
          <lobbyistFirstName>
          </lobbyistFirstName>
          <lobbyistLastName>
          </lobbyistLastName>
          <lobbyistSuffix>
          </lobbyistSuffix>
          <coveredPosition>
          </coveredPosition>
          <lobbyistNew>N</lobbyistNew>
        </lobbyist>
        <lobbyist>
          <lobbyistFirstName>
          </lobbyistFirstName>
          <lobbyistLastName>
          </lobbyistLastName>
          <lobbyistSuffix>
          </lobbyistSuffix>
          <coveredPosition>
          </coveredPosition>
          <lobbyistNew>N</lobbyistNew>
        </lobbyist>
        <lobbyist>
          <lobbyistFirstName>
          </lobbyistFirstName>
          <lobbyistLastName>
          </lobbyistLastName>
          <lobbyistSuffix>
          </lobbyistSuffix>
          <coveredPosition>
          </coveredPosition>
          <lobbyistNew>N</lobbyistNew>
        </lobbyist>
        <lobbyist>
          <lobbyistFirstName>
          </lobbyistFirstName>
          <lobbyistLastName>
          </lobbyistLastName>
          <lobbyistSuffix>
          </lobbyistSuffix>
          <coveredPosition>
          </coveredPosition>
          <lobbyistNew>N</lobbyistNew>
        </lobbyist>
      </lobbyists>
      <foreign_entity_issues>
      </foreign_entity_issues>
    </ali_info>
    <ali_info>
      <issueAreaCode>EDU</issueAreaCode>
      <specific_issues>
        <description>Advancement of Science, Technology, Engineering and Mathematics (STEM) Education Policies</description>
      </specific_issues>
      <federal_agencies>U.S. SENATE, U.S. HOUSE OF REPRESENTATIVES</federal_agencies>
      <lobbyists>
        <lobbyist>
          <lobbyistFirstName>Kenneth</lobbyistFirstName>
          <lobbyistLastName>Schramko</lobbyistLastName>
          <lobbyistSuffix>
          </lobbyistSuffix>
          <coveredPosition>
          </coveredPosition>
          <lobbyistNew>N</lobbyistNew>
        </lobbyist>
        <lobbyist>
          <lobbyistFirstName>
          </lobbyistFirstName>
          <lobbyistLastName>
          </lobbyistLastName>
          <lobbyistSuffix>
          </lobbyistSuffix>
          <coveredPosition>
          </coveredPosition>
          <lobbyistNew>N</lobbyistNew>
        </lobbyist>
        <lobbyist>
          <lobbyistFirstName>
          </lobbyistFirstName>
          <lobbyistLastName>
          </lobbyistLastName>
          <lobbyistSuffix>
          </lobbyistSuffix>
          <coveredPosition>
          </coveredPosition>
          <lobbyistNew>N</lobbyistNew>
        </lobbyist>
        <lobbyist>
          <lobbyistFirstName>
          </lobbyistFirstName>
          <lobbyistLastName>
          </lobbyistLastName>
          <lobbyistSuffix>
          </lobbyistSuffix>
          <coveredPosition>
          </coveredPosition>
          <lobbyistNew>N</lobbyistNew>
        </lobbyist>
        <lobbyist>
          <lobbyistFirstName>
          </lobbyistFirstName>
          <lobbyistLastName>
          </lobbyistLastName>
          <lobbyistSuffix>
          </lobbyistSuffix>
          <coveredPosition>
          </coveredPosition>
          <lobbyistNew>N</lobbyistNew>
        </lobbyist>
        <lobbyist>
          <lobbyistFirstName>
          </lobbyistFirstName>
          <lobbyistLastName>
          </lobbyistLastName>
          <lobbyistSuffix>
          </lobbyistSuffix>
          <coveredPosition>
          </coveredPosition>
          <lobbyistNew>N</lobbyistNew>
        </lobbyist>
        <lobbyist>
          <lobbyistFirstName>
          </lobbyistFirstName>
          <lobbyistLastName>
          </lobbyistLastName>
          <lobbyistSuffix>
          </lobbyistSuffix>
          <coveredPosition>
          </coveredPosition>
          <lobbyistNew>N</lobbyistNew>
        </lobbyist>
        <lobbyist>
          <lobbyistFirstName>
          </lobbyistFirstName>
          <lobbyistLastName>
          </lobbyistLastName>
          <lobbyistSuffix>
          </lobbyistSuffix>
          <coveredPosition>
          </coveredPosition>
          <lobbyistNew>N</lobbyistNew>
        </lobbyist>
        <lobbyist>
          <lobbyistFirstName>
          </lobbyistFirstName>
          <lobbyistLastName>
          </lobbyistLastName>
          <lobbyistSuffix>
          </lobbyistSuffix>
          <coveredPosition>
          </coveredPosition>
          <lobbyistNew>N</lobbyistNew>
        </lobbyist>
      </lobbyists>
      <foreign_entity_issues>
      </foreign_entity_issues>
    </ali_info>
    <ali_info>
      <issueAreaCode>IMM</issueAreaCode>
      <specific_issues>
        <description>High-Skilled Immigration Reform (H-1B and EB Visas)</description>
      </specific_issues>
      <federal_agencies>U.S. SENATE, U.S. HOUSE OF REPRESENTATIVES</federal_agencies>
      <lobbyists>
        <lobbyist>
          <lobbyistFirstName>Kenneth</lobbyistFirstName>
          <lobbyistLastName>Schramko</lobbyistLastName>
          <lobbyistSuffix>
          </lobbyistSuffix>
          <coveredPosition>
          </coveredPosition>
          <lobbyistNew>N</lobbyistNew>
        </lobbyist>
        <lobbyist>
          <lobbyistFirstName>
          </lobbyistFirstName>
          <lobbyistLastName>
          </lobbyistLastName>
          <lobbyistSuffix>
          </lobbyistSuffix>
          <coveredPosition>
          </coveredPosition>
          <lobbyistNew>N</lobbyistNew>
        </lobbyist>
        <lobbyist>
          <lobbyistFirstName>
          </lobbyistFirstName>
          <lobbyistLastName>
          </lobbyistLastName>
          <lobbyistSuffix>
          </lobbyistSuffix>
          <coveredPosition>
          </coveredPosition>
          <lobbyistNew>N</lobbyistNew>
        </lobbyist>
        <lobbyist>
          <lobbyistFirstName>
          </lobbyistFirstName>
          <lobbyistLastName>
          </lobbyistLastName>
          <lobbyistSuffix>
          </lobbyistSuffix>
          <coveredPosition>
          </coveredPosition>
          <lobbyistNew>N</lobbyistNew>
        </lobbyist>
        <lobbyist>
          <lobbyistFirstName>
          </lobbyistFirstName>
          <lobbyistLastName>
          </lobbyistLastName>
          <lobbyistSuffix>
          </lobbyistSuffix>
          <coveredPosition>
          </coveredPosition>
          <lobbyistNew>N</lobbyistNew>
        </lobbyist>
        <lobbyist>
          <lobbyistFirstName>
          </lobbyistFirstName>
          <lobbyistLastName>
          </lobbyistLastName>
          <lobbyistSuffix>
          </lobbyistSuffix>
          <coveredPosition>
          </coveredPosition>
          <lobbyistNew>N</lobbyistNew>
        </lobbyist>
        <lobbyist>
          <lobbyistFirstName>
          </lobbyistFirstName>
          <lobbyistLastName>
          </lobbyistLastName>
          <lobbyistSuffix>
          </lobbyistSuffix>
          <coveredPosition>
          </coveredPosition>
          <lobbyistNew>N</lobbyistNew>
        </lobbyist>
        <lobbyist>
          <lobbyistFirstName>
          </lobbyistFirstName>
          <lobbyistLastName>
          </lobbyistLastName>
          <lobbyistSuffix>
          </lobbyistSuffix>
          <coveredPosition>
          </coveredPosition>
          <lobbyistNew>N</lobbyistNew>
        </lobbyist>
        <lobbyist>
          <lobbyistFirstName>
          </lobbyistFirstName>
          <lobbyistLastName>
          </lobbyistLastName>
          <lobbyistSuffix>
          </lobbyistSuffix>
          <coveredPosition>
          </coveredPosition>
          <lobbyistNew>N</lobbyistNew>
        </lobbyist>
      </lobbyists>
      <foreign_entity_issues>
      </foreign_entity_issues>
    </ali_info>
    <ali_info>
      <issueAreaCode>MAN</issueAreaCode>
      <specific_issues>
        <description>Advanced Manufacturing Program - National Network for Manufacturing Innovation (NNMI); S. 1468 &amp; H.R. 2996 - Revitalize American Manufacturing and Innovation Act of 2013</description>
      </specific_issues>
      <federal_agencies>U.S. SENATE, U.S. HOUSE OF REPRESENTATIVES, Executive Office of the President (EOP), Natl Institute of Standards &amp; Technology (NIST)</federal_agencies>
      <lobbyists>
        <lobbyist>
          <lobbyistFirstName>Kenneth</lobbyistFirstName>
          <lobbyistLastName>Schramko</lobbyistLastName>
          <lobbyistSuffix>
          </lobbyistSuffix>
          <coveredPosition>
          </coveredPosition>
          <lobbyistNew>N</lobbyistNew>
        </lobbyist>
        <lobbyist>
          <lobbyistFirstName>
          </lobbyistFirstName>
          <lobbyistLastName>
          </lobbyistLastName>
          <lobbyistSuffix>
          </lobbyistSuffix>
          <coveredPosition>
          </coveredPosition>
          <lobbyistNew>N</lobbyistNew>
        </lobbyist>
        <lobbyist>
          <lobbyistFirstName>
          </lobbyistFirstName>
          <lobbyistLastName>
          </lobbyistLastName>
          <lobbyistSuffix>
          </lobbyistSuffix>
          <coveredPosition>
          </coveredPosition>
          <lobbyistNew>N</lobbyistNew>
        </lobbyist>
        <lobbyist>
          <lobbyistFirstName>
          </lobbyistFirstName>
          <lobbyistLastName>
          </lobbyistLastName>
          <lobbyistSuffix>
          </lobbyistSuffix>
          <coveredPosition>
          </coveredPosition>
          <lobbyistNew>N</lobbyistNew>
        </lobbyist>
        <lobbyist>
          <lobbyistFirstName>
          </lobbyistFirstName>
          <lobbyistLastName>
          </lobbyistLastName>
          <lobbyistSuffix>
          </lobbyistSuffix>
          <coveredPosition>
          </coveredPosition>
          <lobbyistNew>N</lobbyistNew>
        </lobbyist>
        <lobbyist>
          <lobbyistFirstName>
          </lobbyistFirstName>
          <lobbyistLastName>
          </lobbyistLastName>
          <lobbyistSuffix>
          </lobbyistSuffix>
          <coveredPosition>
          </coveredPosition>
          <lobbyistNew>N</lobbyistNew>
        </lobbyist>
        <lobbyist>
          <lobbyistFirstName>
          </lobbyistFirstName>
          <lobbyistLastName>
          </lobbyistLastName>
          <lobbyistSuffix>
          </lobbyistSuffix>
          <coveredPosition>
          </coveredPosition>
          <lobbyistNew>N</lobbyistNew>
        </lobbyist>
        <lobbyist>
          <lobbyistFirstName>
          </lobbyistFirstName>
          <lobbyistLastName>
          </lobbyistLastName>
          <lobbyistSuffix>
          </lobbyistSuffix>
          <coveredPosition>
          </coveredPosition>
          <lobbyistNew>N</lobbyistNew>
        </lobbyist>
        <lobbyist>
          <lobbyistFirstName>
          </lobbyistFirstName>
          <lobbyistLastName>
          </lobbyistLastName>
          <lobbyistSuffix>
          </lobbyistSuffix>
          <coveredPosition>
          </coveredPosition>
          <lobbyistNew>N</lobbyistNew>
        </lobbyist>
      </lobbyists>
      <foreign_entity_issues>
      </foreign_entity_issues>
    </ali_info>
    <ali_info>
      <issueAreaCode>SCI</issueAreaCode>
      <specific_issues>
        <description>American Innovation &amp; Competitiveness Policies; Promotion of High-Technology Research &amp; Development; Advanced Manufacturing Program - National Network for Manufacturing Innovation (NNMI); S. 1468 &amp; H.R. 2996 - Revitalize American Manufacturing and Innovation Act of 2013</description>
      </specific_issues>
      <federal_agencies>U.S. SENATE, U.S. HOUSE OF REPRESENTATIVES, Executive Office of the President (EOP), Natl Institute of Standards &amp; Technology (NIST)</federal_agencies>
      <lobbyists>
        <lobbyist>
          <lobbyistFirstName>Kenneth</lobbyistFirstName>
          <lobbyistLastName>Schramko</lobbyistLastName>
          <lobbyistSuffix>
          </lobbyistSuffix>
          <coveredPosition>
          </coveredPosition>
          <lobbyistNew>N</lobbyistNew>
        </lobbyist>
        <lobbyist>
          <lobbyistFirstName>
          </lobbyistFirstName>
          <lobbyistLastName>
          </lobbyistLastName>
          <lobbyistSuffix>
          </lobbyistSuffix>
          <coveredPosition>
          </coveredPosition>
          <lobbyistNew>N</lobbyistNew>
        </lobbyist>
        <lobbyist>
          <lobbyistFirstName>
          </lobbyistFirstName>
          <lobbyistLastName>
          </lobbyistLastName>
          <lobbyistSuffix>
          </lobbyistSuffix>
          <coveredPosition>
          </coveredPosition>
          <lobbyistNew>N</lobbyistNew>
        </lobbyist>
        <lobbyist>
          <lobbyistFirstName>
          </lobbyistFirstName>
          <lobbyistLastName>
          </lobbyistLastName>
          <lobbyistSuffix>
          </lobbyistSuffix>
          <coveredPosition>
          </coveredPosition>
          <lobbyistNew>N</lobbyistNew>
        </lobbyist>
        <lobbyist>
          <lobbyistFirstName>
          </lobbyistFirstName>
          <lobbyistLastName>
          </lobbyistLastName>
          <lobbyistSuffix>
          </lobbyistSuffix>
          <coveredPosition>
          </coveredPosition>
          <lobbyistNew>N</lobbyistNew>
        </lobbyist>
        <lobbyist>
          <lobbyistFirstName>
          </lobbyistFirstName>
          <lobbyistLastName>
          </lobbyistLastName>
          <lobbyistSuffix>
          </lobbyistSuffix>
          <coveredPosition>
          </coveredPosition>
          <lobbyistNew>N</lobbyistNew>
        </lobbyist>
        <lobbyist>
          <lobbyistFirstName>
          </lobbyistFirstName>
          <lobbyistLastName>
          </lobbyistLastName>
          <lobbyistSuffix>
          </lobbyistSuffix>
          <coveredPosition>
          </coveredPosition>
          <lobbyistNew>N</lobbyistNew>
        </lobbyist>
        <lobbyist>
          <lobbyistFirstName>
          </lobbyistFirstName>
          <lobbyistLastName>
          </lobbyistLastName>
          <lobbyistSuffix>
          </lobbyistSuffix>
          <coveredPosition>
          </coveredPosition>
          <lobbyistNew>N</lobbyistNew>
        </lobbyist>
        <lobbyist>
          <lobbyistFirstName>
          </lobbyistFirstName>
          <lobbyistLastName>
          </lobbyistLastName>
          <lobbyistSuffix>
          </lobbyistSuffix>
          <coveredPosition>
          </coveredPosition>
          <lobbyistNew>N</lobbyistNew>
        </lobbyist>
      </lobbyists>
      <foreign_entity_issues>
      </foreign_entity_issues>
    </ali_info>
    <ali_info>
      <issueAreaCode>TAX</issueAreaCode>
      <specific_issues>
        <description>Research &amp; Development Tax Credit; General U.S. Corporate Tax Policies</description>
      </specific_issues>
      <federal_agencies>U.S. SENATE, U.S. HOUSE OF REPRESENTATIVES</federal_agencies>
      <lobbyists>
        <lobbyist>
          <lobbyistFirstName>Kenneth</lobbyistFirstName>
          <lobbyistLastName>Schramko</lobbyistLastName>
          <lobbyistSuffix>
          </lobbyistSuffix>
          <coveredPosition>
          </coveredPosition>
          <lobbyistNew>N</lobbyistNew>
        </lobbyist>
        <lobbyist>
          <lobbyistFirstName>
          </lobbyistFirstName>
          <lobbyistLastName>
          </lobbyistLastName>
          <lobbyistSuffix>
          </lobbyistSuffix>
          <coveredPosition>
          </coveredPosition>
          <lobbyistNew>N</lobbyistNew>
        </lobbyist>
        <lobbyist>
          <lobbyistFirstName>
          </lobbyistFirstName>
          <lobbyistLastName>
          </lobbyistLastName>
          <lobbyistSuffix>
          </lobbyistSuffix>
          <coveredPosition>
          </coveredPosition>
          <lobbyistNew>N</lobbyistNew>
        </lobbyist>
        <lobbyist>
          <lobbyistFirstName>
          </lobbyistFirstName>
          <lobbyistLastName>
          </lobbyistLastName>
          <lobbyistSuffix>
          </lobbyistSuffix>
          <coveredPosition>
          </coveredPosition>
          <lobbyistNew>N</lobbyistNew>
        </lobbyist>
        <lobbyist>
          <lobbyistFirstName>
          </lobbyistFirstName>
          <lobbyistLastName>
          </lobbyistLastName>
          <lobbyistSuffix>
          </lobbyistSuffix>
          <coveredPosition>
          </coveredPosition>
          <lobbyistNew>N</lobbyistNew>
        </lobbyist>
        <lobbyist>
          <lobbyistFirstName>
          </lobbyistFirstName>
          <lobbyistLastName>
          </lobbyistLastName>
          <lobbyistSuffix>
          </lobbyistSuffix>
          <coveredPosition>
          </coveredPosition>
          <lobbyistNew>N</lobbyistNew>
        </lobbyist>
        <lobbyist>
          <lobbyistFirstName>
          </lobbyistFirstName>
          <lobbyistLastName>
          </lobbyistLastName>
          <lobbyistSuffix>
          </lobbyistSuffix>
          <coveredPosition>
          </coveredPosition>
          <lobbyistNew>N</lobbyistNew>
        </lobbyist>
        <lobbyist>
          <lobbyistFirstName>
          </lobbyistFirstName>
          <lobbyistLastName>
          </lobbyistLastName>
          <lobbyistSuffix>
          </lobbyistSuffix>
          <coveredPosition>
          </coveredPosition>
          <lobbyistNew>N</lobbyistNew>
        </lobbyist>
        <lobbyist>
          <lobbyistFirstName>
          </lobbyistFirstName>
          <lobbyistLastName>
          </lobbyistLastName>
          <lobbyistSuffix>
          </lobbyistSuffix>
          <coveredPosition>
          </coveredPosition>
          <lobbyistNew>N</lobbyistNew>
        </lobbyist>
      </lobbyists>
      <foreign_entity_issues>
      </foreign_entity_issues>
    </ali_info>
    <ali_info>
      <issueAreaCode>TRD</issueAreaCode>
      <specific_issues>
        <description>Export Control Policy on Dual Use Technology and the Export Administration Regulations; Comprehensive Export Control Reform; Expansion of Free Trade Agreements: Trans-Pacific Partnership (TPP) and Trans-Atlantic Trade and Investment Partnership; Information Technology Agreement Expansion and Uniform Implementation; Improvements to Foreign Trade Zones Regulations; Customs Reauthorization: S. 662 - Trade Facilitation and Trade Enforcement Reauthorization Act</description>
      </specific_issues>
      <federal_agencies>U.S. SENATE, U.S. HOUSE OF REPRESENTATIVES, Commerce - Dept of  (DOC)</federal_agencies>
      <lobbyists>
        <lobbyist>
          <lobbyistFirstName>Kenneth</lobbyistFirstName>
          <lobbyistLastName>Schramko</lobbyistLastName>
          <lobbyistSuffix>
          </lobbyistSuffix>
          <coveredPosition>
          </coveredPosition>
          <lobbyistNew>N</lobbyistNew>
        </lobbyist>
        <lobbyist>
          <lobbyistFirstName>
          </lobbyistFirstName>
          <lobbyistLastName>
          </lobbyistLastName>
          <lobbyistSuffix>
          </lobbyistSuffix>
          <coveredPosition>
          </coveredPosition>
          <lobbyistNew>N</lobbyistNew>
        </lobbyist>
        <lobbyist>
          <lobbyistFirstName>
          </lobbyistFirstName>
          <lobbyistLastName>
          </lobbyistLastName>
          <lobbyistSuffix>
          </lobbyistSuffix>
          <coveredPosition>
          </coveredPosition>
          <lobbyistNew>N</lobbyistNew>
        </lobbyist>
        <lobbyist>
          <lobbyistFirstName>
          </lobbyistFirstName>
          <lobbyistLastName>
          </lobbyistLastName>
          <lobbyistSuffix>
          </lobbyistSuffix>
          <coveredPosition>
          </coveredPosition>
          <lobbyistNew>N</lobbyistNew>
        </lobbyist>
        <lobbyist>
          <lobbyistFirstName>
          </lobbyistFirstName>
          <lobbyistLastName>
          </lobbyistLastName>
          <lobbyistSuffix>
          </lobbyistSuffix>
          <coveredPosition>
          </coveredPosition>
          <lobbyistNew>N</lobbyistNew>
        </lobbyist>
        <lobbyist>
          <lobbyistFirstName>
          </lobbyistFirstName>
          <lobbyistLastName>
          </lobbyistLastName>
          <lobbyistSuffix>
          </lobbyistSuffix>
          <coveredPosition>
          </coveredPosition>
          <lobbyistNew>N</lobbyistNew>
        </lobbyist>
        <lobbyist>
          <lobbyistFirstName>
          </lobbyistFirstName>
          <lobbyistLastName>
          </lobbyistLastName>
          <lobbyistSuffix>
          </lobbyistSuffix>
          <coveredPosition>
          </coveredPosition>
          <lobbyistNew>N</lobbyistNew>
        </lobbyist>
        <lobbyist>
          <lobbyistFirstName>
          </lobbyistFirstName>
          <lobbyistLastName>
          </lobbyistLastName>
          <lobbyistSuffix>
          </lobbyistSuffix>
          <coveredPosition>
          </coveredPosition>
          <lobbyistNew>N</lobbyistNew>
        </lobbyist>
        <lobbyist>
          <lobbyistFirstName>
          </lobbyistFirstName>
          <lobbyistLastName>
          </lobbyistLastName>
          <lobbyistSuffix>
          </lobbyistSuffix>
          <coveredPosition>
          </coveredPosition>
          <lobbyistNew>N</lobbyistNew>
        </lobbyist>
      </lobbyists>
      <foreign_entity_issues>
      </foreign_entity_issues>
    </ali_info>
  </alis>
  <updates>
  <clientAddress></clientAddress>
  <clientCity></clientCity>
  <clientState></clientState>
  <clientZip></clientZip>
  <clientZipext></clientZipext>
  <clientCountry></clientCountry>
  <prinClientCity></prinClientCity>
  <prinClientState></prinClientState>
  <prinClientZip></prinClientZip>
  <prinClientZipext></prinClientZipext>
  <prinClientCountry></prinClientCountry>
  <generalDescription></generalDescription>
  <inactive_lobbyists>
    <inactive_lobbyist>
      <firstName></firstName>
      <lastName></lastName>
      <suffix></suffix>
    </inactive_lobbyist>
    <inactive_lobbyist>
      <firstName></firstName>
      <lastName></lastName>
      <suffix></suffix>
    </inactive_lobbyist>
    <inactive_lobbyist>
      <firstName></firstName>
      <lastName></lastName>
      <suffix></suffix>
    </inactive_lobbyist>
    <inactive_lobbyist>
      <firstName></firstName>
      <lastName></lastName>
      <suffix></suffix>
    </inactive_lobbyist>
  </inactive_lobbyists>
  <inactive_ALIs>
    <ali_Code></ali_Code>
    <ali_Code></ali_Code>
    <ali_Code></ali_Code>
    <ali_Code></ali_Code>
    <ali_Code></ali_Code>
    <ali_Code></ali_Code>
    <ali_Code></ali_Code>
    <ali_Code></ali_Code>
    <ali_Code></ali_Code>
  </inactive_ALIs>
  <affiliatedUrl>
  </affiliatedUrl>
  <affiliatedOrgs>
    <affiliatedOrg>
      <affiliatedOrgName></affiliatedOrgName>
      <affiliatedOrgAddress></affiliatedOrgAddress>
      <affiliatedOrgCity></affiliatedOrgCity>
      <affiliatedOrgState></affiliatedOrgState>
      <affiliatedOrgZip></affiliatedOrgZip>
      <affiliatedOrgCountry></affiliatedOrgCountry>
      <affiliatedPrinOrgCity></affiliatedPrinOrgCity>
      <affiliatedPrinOrgState></affiliatedPrinOrgState>
      <affiliatedPrinOrgCountry></affiliatedPrinOrgCountry>
    </affiliatedOrg>
    <affiliatedOrg>
      <affiliatedOrgName></affiliatedOrgName>
      <affiliatedOrgAddress></affiliatedOrgAddress>
      <affiliatedOrgCity></affiliatedOrgCity>
      <affiliatedOrgState></affiliatedOrgState>
      <affiliatedOrgZip></affiliatedOrgZip>
      <affiliatedOrgCountry></affiliatedOrgCountry>
      <affiliatedPrinOrgCity></affiliatedPrinOrgCity>
      <affiliatedPrinOrgState></affiliatedPrinOrgState>
      <affiliatedPrinOrgCountry></affiliatedPrinOrgCountry>
    </affiliatedOrg>
  </affiliatedOrgs>
  <inactiveOrgs>
    <inactiveOrgName></inactiveOrgName>
    <inactiveOrgName></inactiveOrgName>
    <inactiveOrgName></inactiveOrgName>
  </inactiveOrgs>
  <foreignEntities>
    <foreignEntity>
      <name></name>
      <address></address>
      <city></city>
      <state></state>
      <country></country>
      <prinCity></prinCity>
      <prinState></prinState>
      <prinCountry></prinCountry>
      <contribution></contribution>
      <ownership_Percentage></ownership_Percentage>
    </foreignEntity>
  </foreignEntities>
  <inactive_ForeignEntities>
    <inactive_ForeignEntity></inactive_ForeignEntity>
    <inactive_ForeignEntity></inactive_ForeignEntity>
    <inactive_ForeignEntity></inactive_ForeignEntity>
    <inactive_ForeignEntity></inactive_ForeignEntity>
    <inactive_ForeignEntity></inactive_ForeignEntity>
    <inactive_ForeignEntity></inactive_ForeignEntity>
  </inactive_ForeignEntities>
</updates>
</LOBBYINGDISCLOSURE2>