<?xml version="1.0"?>
<?xml-stylesheet type='text/xsl' href='../../ld2.xsl'?>
<LOBBYINGDISCLOSURE2>
   <imported>N</imported>
   <pages>2</pages>
   <submitURL></submitURL>
   <organizationName></organizationName>
   <prefix>Mr.</prefix>
   <firstName>Daniel</firstName>
   <lastName>Smith</lastName>
   <registrantDifferentAddress>N</registrantDifferentAddress>
   <address1>16 State Street</address1>
   <address2>P.O. Box 801</address2>
   <city>Montpelier</city>
   <state>VT</state>
   <zip>05601</zip>
   <zipext></zipext>
   <country>USA</country>
   <principal_city></principal_city>
   <principal_state></principal_state>
   <principal_zip></principal_zip>
   <principal_zipext></principal_zipext>
   <principal_country></principal_country>
   <selfSelect>N</selfSelect>
   <clientName>Maine Dairy Industry Association</clientName>
   <clientGovtEntity>N</clientGovtEntity>
   <senateID>35764-63</senateID>
   <houseID>330500003</houseID>
   <reportYear>2014</reportYear>
   <reportType>Q2</reportType>
   <terminationDate></terminationDate>
   <noLobbying></noLobbying>
   <income></income>
   <expenses></expenses>
   <expensesMethod></expensesMethod>
   <printedName>Daniel Smith, Esq.</printedName>
   <signedDate>04/24/2014</signedDate>
   <alis>
      <ali_info>
         <issueAreaCode>AGR</issueAreaCode>
         <specific_issues>
            <description>milk market price regulation</description>
         </specific_issues>
         <federal_agencies>U.S. HOUSE OF REPRESENTATIVES, U.S. SENATE, Agriculture - Dept of  (USDA)</federal_agencies>
         <lobbyists>
            <lobbyist>
               <lobbyistFirstName>Daniel</lobbyistFirstName>
               <lobbyistLastName>Smith</lobbyistLastName>
               <lobbyistSuffix></lobbyistSuffix>
               <coveredPosition></coveredPosition>
               <lobbyistNew>N</lobbyistNew>
            </lobbyist>
            <lobbyist>
               <lobbyistFirstName></lobbyistFirstName>
               <lobbyistLastName></lobbyistLastName>
               <lobbyistSuffix></lobbyistSuffix>
               <coveredPosition></coveredPosition>
               <lobbyistNew>N</lobbyistNew>
            </lobbyist>
            <lobbyist>
               <lobbyistFirstName></lobbyistFirstName>
               <lobbyistLastName></lobbyistLastName>
               <lobbyistSuffix></lobbyistSuffix>
               <coveredPosition></coveredPosition>
               <lobbyistNew>N</lobbyistNew>
            </lobbyist>
            <lobbyist>
               <lobbyistFirstName></lobbyistFirstName>
               <lobbyistLastName></lobbyistLastName>
               <lobbyistSuffix></lobbyistSuffix>
               <coveredPosition></coveredPosition>
               <lobbyistNew>N</lobbyistNew>
            </lobbyist>
            <lobbyist>
               <lobbyistFirstName></lobbyistFirstName>
               <lobbyistLastName></lobbyistLastName>
               <lobbyistSuffix></lobbyistSuffix>
               <coveredPosition></coveredPosition>
               <lobbyistNew>N</lobbyistNew>
            </lobbyist>
            <lobbyist>
               <lobbyistFirstName></lobbyistFirstName>
               <lobbyistLastName></lobbyistLastName>
               <lobbyistSuffix></lobbyistSuffix>
               <coveredPosition></coveredPosition>
               <lobbyistNew>N</lobbyistNew>
            </lobbyist>
            <lobbyist>
               <lobbyistFirstName></lobbyistFirstName>
               <lobbyistLastName></lobbyistLastName>
               <lobbyistSuffix></lobbyistSuffix>
               <coveredPosition></coveredPosition>
               <lobbyistNew>N</lobbyistNew>
            </lobbyist>
            <lobbyist>
               <lobbyistFirstName></lobbyistFirstName>
               <lobbyistLastName></lobbyistLastName>
               <lobbyistSuffix></lobbyistSuffix>
               <coveredPosition></coveredPosition>
               <lobbyistNew>N</lobbyistNew>
            </lobbyist>
            <lobbyist>
               <lobbyistFirstName></lobbyistFirstName>
               <lobbyistLastName></lobbyistLastName>
               <lobbyistSuffix></lobbyistSuffix>
               <coveredPosition></coveredPosition>
               <lobbyistNew>N</lobbyistNew>
            </lobbyist>
         </lobbyists>
         <foreign_entity_issues></foreign_entity_issues>
      </ali_info>
   </alis>
   <updates>
      <clientAddress></clientAddress>
      <clientCity></clientCity>
      <clientState></clientState>
      <clientZip></clientZip>
      <clientZipext></clientZipext>
      <clientCountry></clientCountry>
      <prinClientCity></prinClientCity>
      <prinClientState></prinClientState>
      <prinClientZip></prinClientZip>
      <prinClientZipext></prinClientZipext>
      <prinClientCountry></prinClientCountry>
      <generalDescription></generalDescription>
      <inactive_lobbyists>
         <inactive_lobbyist>
            <firstName></firstName>
            <lastName></lastName>
            <suffix></suffix>
         </inactive_lobbyist>
         <inactive_lobbyist>
            <firstName></firstName>
            <lastName></lastName>
            <suffix></suffix>
         </inactive_lobbyist>
         <inactive_lobbyist>
            <firstName></firstName>
            <lastName></lastName>
            <suffix></suffix>
         </inactive_lobbyist>
         <inactive_lobbyist>
            <firstName></firstName>
            <lastName></lastName>
            <suffix></suffix>
         </inactive_lobbyist>
      </inactive_lobbyists>
      <inactive_ALIs>
         <ali_Code></ali_Code>
         <ali_Code></ali_Code>
         <ali_Code></ali_Code>
         <ali_Code></ali_Code>
         <ali_Code></ali_Code>
         <ali_Code></ali_Code>
         <ali_Code></ali_Code>
         <ali_Code></ali_Code>
         <ali_Code></ali_Code>
      </inactive_ALIs>
      <affiliatedUrl></affiliatedUrl>
      <affiliatedOrgs>
         <affiliatedOrg>
            <affiliatedOrgName></affiliatedOrgName>
            <affiliatedOrgAddress></affiliatedOrgAddress>
            <affiliatedOrgCity></affiliatedOrgCity>
            <affiliatedOrgState></affiliatedOrgState>
            <affiliatedOrgZip></affiliatedOrgZip>
            <affiliatedOrgCountry></affiliatedOrgCountry>
            <affiliatedPrinOrgCity></affiliatedPrinOrgCity>
            <affiliatedPrinOrgState></affiliatedPrinOrgState>
            <affiliatedPrinOrgCountry></affiliatedPrinOrgCountry>
         </affiliatedOrg>
         <affiliatedOrg>
            <affiliatedOrgName></affiliatedOrgName>
            <affiliatedOrgAddress></affiliatedOrgAddress>
            <affiliatedOrgCity></affiliatedOrgCity>
            <affiliatedOrgState></affiliatedOrgState>
            <affiliatedOrgZip></affiliatedOrgZip>
            <affiliatedOrgCountry></affiliatedOrgCountry>
            <affiliatedPrinOrgCity></affiliatedPrinOrgCity>
            <affiliatedPrinOrgState></affiliatedPrinOrgState>
            <affiliatedPrinOrgCountry></affiliatedPrinOrgCountry>
         </affiliatedOrg>
      </affiliatedOrgs>
      <inactiveOrgs>
         <inactiveOrgName></inactiveOrgName>
         <inactiveOrgName></inactiveOrgName>
         <inactiveOrgName></inactiveOrgName>
      </inactiveOrgs>
      <foreignEntities>
         <foreignEntity>
            <name></name>
            <address></address>
            <city></city>
            <state></state>
            <country></country>
            <prinCity></prinCity>
            <prinState></prinState>
            <prinCountry></prinCountry>
            <contribution></contribution>
            <ownership_Percentage></ownership_Percentage>
         </foreignEntity>
      </foreignEntities>
      <inactive_ForeignEntities>
         <inactive_ForeignEntity></inactive_ForeignEntity>
         <inactive_ForeignEntity></inactive_ForeignEntity>
         <inactive_ForeignEntity></inactive_ForeignEntity>
         <inactive_ForeignEntity></inactive_ForeignEntity>
         <inactive_ForeignEntity></inactive_ForeignEntity>
         <inactive_ForeignEntity></inactive_ForeignEntity>
      </inactive_ForeignEntities>
   </updates>
</LOBBYINGDISCLOSURE2>