<?xml version="1.0"?>
<?xml-stylesheet type='text/xsl' href='../../ld1.xsl'?>
<LOBBYINGDISCLOSURE1>
   <imported>N</imported>
   <pages>3</pages>
   <regType>2</regType>
   <organizationName>Covington &amp; Burling LLP</organizationName>
   <prefix></prefix>
   <firstName></firstName>
   <lastName></lastName>
   <address1>1201 Pennsylvania Avenue, NW</address1>
   <address2></address2>
   <city>Washington</city>
   <state>DC</state>
   <zip>20004</zip>
   <zipext></zipext>
   <country>USA</country>
   <principal_city></principal_city>
   <principal_state></principal_state>
   <principal_zip></principal_zip>
   <principal_zipext></principal_zipext>
   <principal_country></principal_country>
   <registrantGeneralDescription>Law firm.</registrantGeneralDescription>
   <selfSelect>N</selfSelect>
   <clientName>Protect Trade Secrets Coalition (informal coalition)</clientName>
   <clientAddress>1201 Pennsylvania Avenue, NW</clientAddress>
   <clientCity>Washington</clientCity>
   <clientState>DC</clientState>
   <clientZip>20906</clientZip>
   <clientZipExt></clientZipExt>
   <clientCountry>USA</clientCountry>
   <prinClientCity></prinClientCity>
   <prinClientState></prinClientState>
   <prinClientZip></prinClientZip>
   <prinClientZipExt></prinClientZipExt>
   <prinClientCountry></prinClientCountry>
   <clientGeneralDescription>Trade secrets coalition.</clientGeneralDescription>
   <senateID>11195</senateID>
   <houseID>318270278</houseID>
   <lobbyists>
      <lobbyist>
         <lobbyistFirstName>Daniel</lobbyistFirstName>
         <lobbyistLastName>Spiegel</lobbyistLastName>
         <lobbyistSuffix></lobbyistSuffix>
         <coveredPosition>US Ambassador to UN (Geneva)</coveredPosition>
         <lobbyistNew>Y</lobbyistNew>
      </lobbyist>
      <lobbyist>
         <lobbyistFirstName>Aaron</lobbyistFirstName>
         <lobbyistLastName>Cooper</lobbyistLastName>
         <lobbyistSuffix></lobbyistSuffix>
         <coveredPosition>Chief Counsel IP/ Antitrust Law, Senate Judiciary Cmte.;</coveredPosition>
         <lobbyistNew>Y</lobbyistNew>
      </lobbyist>
      <lobbyist>
         <lobbyistFirstName>"</lobbyistFirstName>
         <lobbyistLastName>"</lobbyistLastName>
         <lobbyistSuffix></lobbyistSuffix>
         <coveredPosition>Counsel, Senator Sarbanes; Leg. Correspondent</coveredPosition>
         <lobbyistNew>Y</lobbyistNew>
      </lobbyist>
      <lobbyist>
         <lobbyistFirstName>"</lobbyistFirstName>
         <lobbyistLastName>"</lobbyistLastName>
         <lobbyistSuffix></lobbyistSuffix>
         <coveredPosition>Senator Lautenberg; Leg. Asst. Representative Andrews.</coveredPosition>
         <lobbyistNew>Y</lobbyistNew>
      </lobbyist>
      <lobbyist>
         <lobbyistFirstName>Richard</lobbyistFirstName>
         <lobbyistLastName>Hertling</lobbyistLastName>
         <lobbyistSuffix></lobbyistSuffix>
         <coveredPosition>Staff Dir. &amp; Chief Counsel, House Judiciary Cmte;</coveredPosition>
         <lobbyistNew>Y</lobbyistNew>
      </lobbyist>
      <lobbyist>
         <lobbyistFirstName>Richard</lobbyistFirstName>
         <lobbyistLastName>Hertling</lobbyistLastName>
         <lobbyistSuffix></lobbyistSuffix>
         <coveredPosition>(Cont.) Acting Asst. AG, Office of Leg. Affairs, DoJ;</coveredPosition>
         <lobbyistNew>Y</lobbyistNew>
      </lobbyist>
      <lobbyist>
         <lobbyistFirstName>"</lobbyistFirstName>
         <lobbyistLastName>"</lobbyistLastName>
         <lobbyistSuffix></lobbyistSuffix>
         <coveredPosition>Deputy Asst. AG, Office of Legal Policy, DoJ;</coveredPosition>
         <lobbyistNew>Y</lobbyistNew>
      </lobbyist>
      <lobbyist>
         <lobbyistFirstName>"</lobbyistFirstName>
         <lobbyistLastName>"</lobbyistLastName>
         <lobbyistSuffix></lobbyistSuffix>
         <coveredPosition>Deputy CoS &amp; Leg. Dir., Sen. Lamar Alexander;</coveredPosition>
         <lobbyistNew>Y</lobbyistNew>
      </lobbyist>
      <lobbyist>
         <lobbyistFirstName>"</lobbyistFirstName>
         <lobbyistLastName>"</lobbyistLastName>
         <lobbyistSuffix></lobbyistSuffix>
         <coveredPosition>Chief of Staff, Sen. Peter Fitzgerald;</coveredPosition>
         <lobbyistNew>Y</lobbyistNew>
      </lobbyist>
      <lobbyist>
         <lobbyistFirstName>"</lobbyistFirstName>
         <lobbyistLastName>"</lobbyistLastName>
         <lobbyistSuffix></lobbyistSuffix>
         <coveredPosition>Sr. Counsel, Senate Gov. Affairs Cmte.;</coveredPosition>
         <lobbyistNew>Y</lobbyistNew>
      </lobbyist>
      <lobbyist>
         <lobbyistFirstName>"</lobbyistFirstName>
         <lobbyistLastName>"</lobbyistLastName>
         <lobbyistSuffix></lobbyistSuffix>
         <coveredPosition>Chief Counsel, Sen. Arlen Specter.</coveredPosition>
         <lobbyistNew>Y</lobbyistNew>
      </lobbyist>
   </lobbyists>
   <alis>
      <ali_Code>CPT</ali_Code>
      <ali_Code></ali_Code>
      <ali_Code></ali_Code>
      <ali_Code></ali_Code>
      <ali_Code></ali_Code>
      <ali_Code></ali_Code>
      <ali_Code></ali_Code>
      <ali_Code></ali_Code>
      <ali_Code></ali_Code>
      <ali_Code></ali_Code>
      <ali_Code></ali_Code>
      <ali_Code></ali_Code>
      <ali_Code></ali_Code>
      <ali_Code></ali_Code>
      <ali_Code></ali_Code>
      <ali_Code></ali_Code>
      <ali_Code></ali_Code>
      <ali_Code></ali_Code>
   </alis>
   <specific_issues>Trade secrets issues.</specific_issues>
   <affiliatedUrl></affiliatedUrl>
   <affiliatedOrgs>
      <affiliatedOrg>
         <affiliatedOrgName>Corning Incorporated</affiliatedOrgName>
         <affiliatedOrgAddress>One Riverfront Plaza</affiliatedOrgAddress>
         <affiliatedOrgCity>Corning</affiliatedOrgCity>
         <affiliatedOrgState>NY</affiliatedOrgState>
         <affiliatedOrgZip>14831</affiliatedOrgZip>
         <affiliatedOrgCountry>USA</affiliatedOrgCountry>
         <affiliatedPrinOrgCity>Corning</affiliatedPrinOrgCity>
         <affiliatedPrinOrgState>NY</affiliatedPrinOrgState>
         <affiliatedPrinOrgCountry>USA</affiliatedPrinOrgCountry>
      </affiliatedOrg>
      <affiliatedOrg>
         <affiliatedOrgName>Eli Lilly</affiliatedOrgName>
         <affiliatedOrgAddress>Lilly Corporate Center</affiliatedOrgAddress>
         <affiliatedOrgCity>Indianapolis</affiliatedOrgCity>
         <affiliatedOrgState>IN</affiliatedOrgState>
         <affiliatedOrgZip>46285</affiliatedOrgZip>
         <affiliatedOrgCountry>USA</affiliatedOrgCountry>
         <affiliatedPrinOrgCity>Indianapolis</affiliatedPrinOrgCity>
         <affiliatedPrinOrgState>IN</affiliatedPrinOrgState>
         <affiliatedPrinOrgCountry>USA</affiliatedPrinOrgCountry>
      </affiliatedOrg>
      <affiliatedOrg>
         <affiliatedOrgName>General Electric</affiliatedOrgName>
         <affiliatedOrgAddress>3135 Easton Turnpike</affiliatedOrgAddress>
         <affiliatedOrgCity>Fairfield</affiliatedOrgCity>
         <affiliatedOrgState>CT</affiliatedOrgState>
         <affiliatedOrgZip>06828</affiliatedOrgZip>
         <affiliatedOrgCountry>USA</affiliatedOrgCountry>
         <affiliatedPrinOrgCity>Fairfield</affiliatedPrinOrgCity>
         <affiliatedPrinOrgState>CT</affiliatedPrinOrgState>
         <affiliatedPrinOrgCountry>USA</affiliatedPrinOrgCountry>
      </affiliatedOrg>
      <affiliatedOrg>
         <affiliatedOrgName>Microsoft</affiliatedOrgName>
         <affiliatedOrgAddress>One Microsoft Way</affiliatedOrgAddress>
         <affiliatedOrgCity>Redmond</affiliatedOrgCity>
         <affiliatedOrgState>WA</affiliatedOrgState>
         <affiliatedOrgZip>98052</affiliatedOrgZip>
         <affiliatedOrgCountry>USA</affiliatedOrgCountry>
         <affiliatedPrinOrgCity>Redmond</affiliatedPrinOrgCity>
         <affiliatedPrinOrgState>WA</affiliatedPrinOrgState>
         <affiliatedPrinOrgCountry>USA</affiliatedPrinOrgCountry>
      </affiliatedOrg>
      <affiliatedOrg>
         <affiliatedOrgName>Nike</affiliatedOrgName>
         <affiliatedOrgAddress>One Bowerman Drive</affiliatedOrgAddress>
         <affiliatedOrgCity>Beaverton</affiliatedOrgCity>
         <affiliatedOrgState>OR</affiliatedOrgState>
         <affiliatedOrgZip>97005</affiliatedOrgZip>
         <affiliatedOrgCountry>USA</affiliatedOrgCountry>
         <affiliatedPrinOrgCity>Beaverton</affiliatedPrinOrgCity>
         <affiliatedPrinOrgState>OR</affiliatedPrinOrgState>
         <affiliatedPrinOrgCountry>USA</affiliatedPrinOrgCountry>
      </affiliatedOrg>
      <affiliatedOrg>
         <affiliatedOrgName>Procter &amp; Gamble</affiliatedOrgName>
         <affiliatedOrgAddress>One Procter &amp; Gamble Plaza</affiliatedOrgAddress>
         <affiliatedOrgCity>Cincinnati</affiliatedOrgCity>
         <affiliatedOrgState>OH</affiliatedOrgState>
         <affiliatedOrgZip>45202</affiliatedOrgZip>
         <affiliatedOrgCountry>USA</affiliatedOrgCountry>
         <affiliatedPrinOrgCity>Cincinnati</affiliatedPrinOrgCity>
         <affiliatedPrinOrgState>OH</affiliatedPrinOrgState>
         <affiliatedPrinOrgCountry>USA</affiliatedPrinOrgCountry>
      </affiliatedOrg>
   </affiliatedOrgs>
   <foreignEntities>
      <foreignEntity>
         <name></name>
         <address></address>
         <city></city>
         <state></state>
         <country></country>
         <prinCity></prinCity>
         <prinState></prinState>
         <prinCountry></prinCountry>
         <contribution></contribution>
         <ownership_Percentage></ownership_Percentage>
      </foreignEntity>
      <foreignEntity>
         <name></name>
         <address></address>
         <city></city>
         <state></state>
         <country></country>
         <prinCity></prinCity>
         <prinState></prinState>
         <prinCountry></prinCountry>
         <contribution></contribution>
         <ownership_Percentage></ownership_Percentage>
      </foreignEntity>
      <foreignEntity>
         <name></name>
         <address></address>
         <city></city>
         <state></state>
         <country></country>
         <prinCity></prinCity>
         <prinState></prinState>
         <prinCountry></prinCountry>
         <contribution></contribution>
         <ownership_Percentage></ownership_Percentage>
      </foreignEntity>
      <foreignEntity>
         <name></name>
         <address></address>
         <city></city>
         <state></state>
         <country></country>
         <prinCity></prinCity>
         <prinState></prinState>
         <prinCountry></prinCountry>
         <contribution></contribution>
         <ownership_Percentage></ownership_Percentage>
      </foreignEntity>
      <foreignEntity>
         <name></name>
         <address></address>
         <city></city>
         <state></state>
         <country></country>
         <prinCity></prinCity>
         <prinState></prinState>
         <prinCountry></prinCountry>
         <contribution></contribution>
         <ownership_Percentage></ownership_Percentage>
      </foreignEntity>
   </foreignEntities>
   <reportYear>2014</reportYear>
   <reportType>RR</reportType>
   <effectiveDate>01/09/2014</effectiveDate>
   <printedName>Daniel Spiegel, Senior Of Counsel</printedName>
   <signedDate>02/21/2014</signedDate>
</LOBBYINGDISCLOSURE1>