<?xml version="1.0"?>
<?xml-stylesheet type='text/xsl' href='../../ld1.xsl'?>
<LOBBYINGDISCLOSURE1>
   <imported>N</imported>
   <pages>2</pages>
   <regType>2</regType>
   <organizationName>Venable, LLP</organizationName>
   <prefix></prefix>
   <firstName></firstName>
   <lastName></lastName>
   <address1>575 7th Street NW</address1>
   <address2></address2>
   <city>Washington</city>
   <state>DC</state>
   <zip>20004</zip>
   <zipext></zipext>
   <country>USA</country>
   <principal_city></principal_city>
   <principal_state></principal_state>
   <principal_zip></principal_zip>
   <principal_zipext></principal_zipext>
   <principal_country></principal_country>
   <registrantGeneralDescription>Law firm.</registrantGeneralDescription>
   <selfSelect>N</selfSelect>
   <clientName>Target Corporation</clientName>
   <clientAddress>1155 F Street, NW, Suite 925</clientAddress>
   <clientCity>Washington</clientCity>
   <clientState>DC</clientState>
   <clientZip>20004</clientZip>
   <clientZipExt></clientZipExt>
   <clientCountry>USA</clientCountry>
   <prinClientCity>Minneapolis</prinClientCity>
   <prinClientState>MN</prinClientState>
   <prinClientZip>55403</prinClientZip>
   <prinClientZipExt></prinClientZipExt>
   <prinClientCountry>USA</prinClientCountry>
   <clientGeneralDescription>Retailer</clientGeneralDescription>
   <senateID>39941</senateID>
   <houseID>319580353</houseID>
   <lobbyists>
      <lobbyist>
         <lobbyistFirstName>Robert L.</lobbyistFirstName>
         <lobbyistLastName>Smith </lobbyistLastName>
         <lobbyistSuffix>II</lobbyistSuffix>
         <coveredPosition>Leg. Dir., Rep. Wes Watkins; Leg. Asst., Rep. Joel Hefley</coveredPosition>
         <lobbyistNew>Y</lobbyistNew>
      </lobbyist>
      <lobbyist>
         <lobbyistFirstName>William R.</lobbyistFirstName>
         <lobbyistLastName>Nordwind</lobbyistLastName>
         <lobbyistSuffix></lobbyistSuffix>
         <coveredPosition>Counsel, Telecommunications Subcommittee;</coveredPosition>
         <lobbyistNew>Y</lobbyistNew>
      </lobbyist>
      <lobbyist>
         <lobbyistFirstName>William R.</lobbyistFirstName>
         <lobbyistLastName>Nordwind</lobbyistLastName>
         <lobbyistSuffix></lobbyistSuffix>
         <coveredPosition>Leg. Dir./Counsel/Deputy Chief of Staff, Rep. Fred Upton;</coveredPosition>
         <lobbyistNew>Y</lobbyistNew>
      </lobbyist>
      <lobbyist>
         <lobbyistFirstName>William R.</lobbyistFirstName>
         <lobbyistLastName>Nordwind</lobbyistLastName>
         <lobbyistSuffix></lobbyistSuffix>
         <coveredPosition>Leg. Dir./Counsel, Rep. Deborah Pryce;</coveredPosition>
         <lobbyistNew>Y</lobbyistNew>
      </lobbyist>
      <lobbyist>
         <lobbyistFirstName>William R.</lobbyistFirstName>
         <lobbyistLastName>Nordwind</lobbyistLastName>
         <lobbyistSuffix></lobbyistSuffix>
         <coveredPosition>Leg. Asst., Rep. Fred Upton.</coveredPosition>
         <lobbyistNew>Y</lobbyistNew>
      </lobbyist>
   </lobbyists>
   <alis>
      <ali_Code>CSP</ali_Code>
      <ali_Code></ali_Code>
      <ali_Code></ali_Code>
      <ali_Code></ali_Code>
      <ali_Code></ali_Code>
      <ali_Code></ali_Code>
      <ali_Code></ali_Code>
      <ali_Code></ali_Code>
      <ali_Code></ali_Code>
   </alis>
   <specific_issues>Issues relating to data breach.</specific_issues>
   <affiliatedUrl></affiliatedUrl>
   <affiliatedOrgs>
      <affiliatedOrg>
         <affiliatedOrgName></affiliatedOrgName>
         <affiliatedOrgAddress></affiliatedOrgAddress>
         <affiliatedOrgCity></affiliatedOrgCity>
         <affiliatedOrgState></affiliatedOrgState>
         <affiliatedOrgZip></affiliatedOrgZip>
         <affiliatedOrgCountry></affiliatedOrgCountry>
         <affiliatedPrinOrgCity></affiliatedPrinOrgCity>
         <affiliatedPrinOrgState></affiliatedPrinOrgState>
         <affiliatedPrinOrgCountry></affiliatedPrinOrgCountry>
      </affiliatedOrg>
      <affiliatedOrg>
         <affiliatedOrgName></affiliatedOrgName>
         <affiliatedOrgAddress></affiliatedOrgAddress>
         <affiliatedOrgCity></affiliatedOrgCity>
         <affiliatedOrgState></affiliatedOrgState>
         <affiliatedOrgZip></affiliatedOrgZip>
         <affiliatedOrgCountry></affiliatedOrgCountry>
         <affiliatedPrinOrgCity></affiliatedPrinOrgCity>
         <affiliatedPrinOrgState></affiliatedPrinOrgState>
         <affiliatedPrinOrgCountry></affiliatedPrinOrgCountry>
      </affiliatedOrg>
      <affiliatedOrg>
         <affiliatedOrgName></affiliatedOrgName>
         <affiliatedOrgAddress></affiliatedOrgAddress>
         <affiliatedOrgCity></affiliatedOrgCity>
         <affiliatedOrgState></affiliatedOrgState>
         <affiliatedOrgZip></affiliatedOrgZip>
         <affiliatedOrgCountry></affiliatedOrgCountry>
         <affiliatedPrinOrgCity></affiliatedPrinOrgCity>
         <affiliatedPrinOrgState></affiliatedPrinOrgState>
         <affiliatedPrinOrgCountry></affiliatedPrinOrgCountry>
      </affiliatedOrg>
   </affiliatedOrgs>
   <foreignEntities>
      <foreignEntity>
         <name></name>
         <address></address>
         <city></city>
         <state></state>
         <country></country>
         <prinCity></prinCity>
         <prinState></prinState>
         <prinCountry></prinCountry>
         <contribution></contribution>
         <ownership_Percentage></ownership_Percentage>
      </foreignEntity>
      <foreignEntity>
         <name></name>
         <address></address>
         <city></city>
         <state></state>
         <country></country>
         <prinCity></prinCity>
         <prinState></prinState>
         <prinCountry></prinCountry>
         <contribution></contribution>
         <ownership_Percentage></ownership_Percentage>
      </foreignEntity>
   </foreignEntities>
   <reportYear>2014</reportYear>
   <reportType>RR</reportType>
   <effectiveDate>01/17/2014</effectiveDate>
   <printedName>Ronald M. Jacobs, Partner</printedName>
   <signedDate>02/27/2014</signedDate>
</LOBBYINGDISCLOSURE1>