<?xml version="1.0"?>
<?xml-stylesheet type='text/xsl' href='../../ld1.xsl'?>
<LOBBYINGDISCLOSURE1>
   <imported>N</imported>
   <pages>5</pages>
   <regType>2</regType>
   <organizationName>Clark Geduldig Cranford &amp; Nielsen, LLC -fka Clark Lytle Geduldig &amp; Cranford, LLC</organizationName>
   <prefix></prefix>
   <firstName></firstName>
   <lastName></lastName>
   <address1>1101 K Street, NW</address1>
   <address2>Suite 650</address2>
   <city>Washington</city>
   <state>DC</state>
   <zip>20005</zip>
   <zipext></zipext>
   <country>USA</country>
   <principal_city></principal_city>
   <principal_state></principal_state>
   <principal_zip></principal_zip>
   <principal_zipext></principal_zipext>
   <principal_country></principal_country>
   <registrantGeneralDescription>Public Affairs Consultants</registrantGeneralDescription>
   <selfSelect>N</selfSelect>
   <clientName>Bradford White Corporation</clientName>
   <clientAddress>725 Talamore Drive</clientAddress>
   <clientCity>Ambler</clientCity>
   <clientState>PA</clientState>
   <clientZip>19002</clientZip>
   <clientZipExt></clientZipExt>
   <clientCountry>USA</clientCountry>
   <prinClientCity></prinClientCity>
   <prinClientState></prinClientState>
   <prinClientZip></prinClientZip>
   <prinClientZipExt></prinClientZipExt>
   <prinClientCountry></prinClientCountry>
   <clientGeneralDescription>Manufacturer of water heaters for home and business</clientGeneralDescription>
   <senateID>76992</senateID>
   <houseID>361180081</houseID>
   <lobbyists>
      <lobbyist>
         <lobbyistFirstName>Steve</lobbyistFirstName>
         <lobbyistLastName>Clark</lobbyistLastName>
         <lobbyistSuffix></lobbyistSuffix>
         <coveredPosition></coveredPosition>
         <lobbyistNew>Y</lobbyistNew>
      </lobbyist>
      <lobbyist>
         <lobbyistFirstName>Gary</lobbyistFirstName>
         <lobbyistLastName>Lytle</lobbyistLastName>
         <lobbyistSuffix></lobbyistSuffix>
         <coveredPosition></coveredPosition>
         <lobbyistNew>Y</lobbyistNew>
      </lobbyist>
      <lobbyist>
         <lobbyistFirstName>Sam</lobbyistFirstName>
         <lobbyistLastName>Geduldig</lobbyistLastName>
         <lobbyistSuffix></lobbyistSuffix>
         <coveredPosition>Director of Coalitions, House Financial Services Com 2001-03</coveredPosition>
         <lobbyistNew>Y</lobbyistNew>
      </lobbyist>
      <lobbyist>
         <lobbyistFirstName>Sam</lobbyistFirstName>
         <lobbyistLastName>Geduldig</lobbyistLastName>
         <lobbyistSuffix></lobbyistSuffix>
         <coveredPosition>Senior Advisor, Majority Whip Roy Blunt 2003-2006</coveredPosition>
         <lobbyistNew>Y</lobbyistNew>
      </lobbyist>
      <lobbyist>
         <lobbyistFirstName>Jay</lobbyistFirstName>
         <lobbyistLastName>Cranford</lobbyistLastName>
         <lobbyistSuffix></lobbyistSuffix>
         <coveredPosition>LC, Rep. Bob Barr, January 1997 - August 1997</coveredPosition>
         <lobbyistNew>Y</lobbyistNew>
      </lobbyist>
      <lobbyist>
         <lobbyistFirstName>Jay</lobbyistFirstName>
         <lobbyistLastName>Cranford</lobbyistLastName>
         <lobbyistSuffix></lobbyistSuffix>
         <coveredPosition>LA/Comm Dir, Rep. Jim Gibbons August 1997-September 2000</coveredPosition>
         <lobbyistNew>Y</lobbyistNew>
      </lobbyist>
      <lobbyist>
         <lobbyistFirstName>Jay</lobbyistFirstName>
         <lobbyistLastName>Cranford</lobbyistLastName>
         <lobbyistSuffix></lobbyistSuffix>
         <coveredPosition>Staff Dir House SubComm Energy May 2004 - March 2006</coveredPosition>
         <lobbyistNew>Y</lobbyistNew>
      </lobbyist>
      <lobbyist>
         <lobbyistFirstName>Jay</lobbyistFirstName>
         <lobbyistLastName>Cranford</lobbyistLastName>
         <lobbyistSuffix></lobbyistSuffix>
         <coveredPosition>Policy Advisor Majority Leader John Boehner Mar 2006-Dec06</coveredPosition>
         <lobbyistNew>Y</lobbyistNew>
      </lobbyist>
      <lobbyist>
         <lobbyistFirstName>Jay</lobbyistFirstName>
         <lobbyistLastName>Cranford</lobbyistLastName>
         <lobbyistSuffix></lobbyistSuffix>
         <coveredPosition>Policy Adv Minority Leader John Boehner Jan 2007-Dec 2010</coveredPosition>
         <lobbyistNew>Y</lobbyistNew>
      </lobbyist>
      <lobbyist>
         <lobbyistFirstName>Jay</lobbyistFirstName>
         <lobbyistLastName>Cranford</lobbyistLastName>
         <lobbyistSuffix></lobbyistSuffix>
         <coveredPosition>Asst Policy, Speaker John Boehner January 2011-May 1, 2011</coveredPosition>
         <lobbyistNew>Y</lobbyistNew>
      </lobbyist>
      <lobbyist>
         <lobbyistFirstName>Mike</lobbyistFirstName>
         <lobbyistLastName>Nielsen</lobbyistLastName>
         <lobbyistSuffix></lobbyistSuffix>
         <coveredPosition>Legislative Assistant, Sen. Robert F. Bennett 1999 - 2001</coveredPosition>
         <lobbyistNew>Y</lobbyistNew>
      </lobbyist>
      <lobbyist>
         <lobbyistFirstName>Mike</lobbyistFirstName>
         <lobbyistLastName>Nielsen</lobbyistLastName>
         <lobbyistSuffix></lobbyistSuffix>
         <coveredPosition>Staff Director Subcommittee Financial Institutions 2002-2006</coveredPosition>
         <lobbyistNew>Y</lobbyistNew>
      </lobbyist>
      <lobbyist>
         <lobbyistFirstName>Mike</lobbyistFirstName>
         <lobbyistLastName>Nielsen</lobbyistLastName>
         <lobbyistSuffix></lobbyistSuffix>
         <coveredPosition>Senior Policy Advisor Senator Robert F. Bennett 2007-2010</coveredPosition>
         <lobbyistNew>Y</lobbyistNew>
      </lobbyist>
      <lobbyist>
         <lobbyistFirstName>Amy</lobbyistFirstName>
         <lobbyistLastName>Wren</lobbyistLastName>
         <lobbyistSuffix></lobbyistSuffix>
         <coveredPosition>Staff assistant, Congressman Todd Tiahrt 1997 - 1999</coveredPosition>
         <lobbyistNew>Y</lobbyistNew>
      </lobbyist>
      <lobbyist>
         <lobbyistFirstName>Amy</lobbyistFirstName>
         <lobbyistLastName>Wren</lobbyistLastName>
         <lobbyistSuffix></lobbyistSuffix>
         <coveredPosition>Conference coordinator, Hours Republican Conf 1999-2000</coveredPosition>
         <lobbyistNew>Y</lobbyistNew>
      </lobbyist>
      <lobbyist>
         <lobbyistFirstName>Amy</lobbyistFirstName>
         <lobbyistLastName>Wren</lobbyistLastName>
         <lobbyistSuffix></lobbyistSuffix>
         <coveredPosition>Office Manager, Majority Whip Tom Delay 2000 - 2003</coveredPosition>
         <lobbyistNew>Y</lobbyistNew>
      </lobbyist>
      <lobbyist>
         <lobbyistFirstName>Amy</lobbyistFirstName>
         <lobbyistLastName>Wren</lobbyistLastName>
         <lobbyistSuffix></lobbyistSuffix>
         <coveredPosition>Finance Director, Majority Leader Tom Delay 2003 - 2005</coveredPosition>
         <lobbyistNew>Y</lobbyistNew>
      </lobbyist>
      <lobbyist>
         <lobbyistFirstName>Amy</lobbyistFirstName>
         <lobbyistLastName>Wren</lobbyistLastName>
         <lobbyistSuffix></lobbyistSuffix>
         <coveredPosition>Cong liaison, US Trade &amp; Development Agency 2006 - 2010</coveredPosition>
         <lobbyistNew>Y</lobbyistNew>
      </lobbyist>
      <lobbyist>
         <lobbyistFirstName>Deborah</lobbyistFirstName>
         <lobbyistLastName>Pryce</lobbyistLastName>
         <lobbyistSuffix></lobbyistSuffix>
         <coveredPosition>Member of Congress (OH-15) 1993 - 2009</coveredPosition>
         <lobbyistNew>Y</lobbyistNew>
      </lobbyist>
      <lobbyist>
         <lobbyistFirstName></lobbyistFirstName>
         <lobbyistLastName></lobbyistLastName>
         <lobbyistSuffix></lobbyistSuffix>
         <coveredPosition></coveredPosition>
         <lobbyistNew>Y</lobbyistNew>
      </lobbyist>
      <lobbyist>
         <lobbyistFirstName></lobbyistFirstName>
         <lobbyistLastName></lobbyistLastName>
         <lobbyistSuffix></lobbyistSuffix>
         <coveredPosition></coveredPosition>
         <lobbyistNew>Y</lobbyistNew>
      </lobbyist>
      <lobbyist>
         <lobbyistFirstName></lobbyistFirstName>
         <lobbyistLastName></lobbyistLastName>
         <lobbyistSuffix></lobbyistSuffix>
         <coveredPosition></coveredPosition>
         <lobbyistNew>Y</lobbyistNew>
      </lobbyist>
      <lobbyist>
         <lobbyistFirstName></lobbyistFirstName>
         <lobbyistLastName></lobbyistLastName>
         <lobbyistSuffix></lobbyistSuffix>
         <coveredPosition></coveredPosition>
         <lobbyistNew>Y</lobbyistNew>
      </lobbyist>
   </lobbyists>
   <alis>
      <ali_Code>ENG</ali_Code>
      <ali_Code>ENV</ali_Code>
      <ali_Code>MAN</ali_Code>
      <ali_Code>TAX</ali_Code>
      <ali_Code>TRD</ali_Code>
      <ali_Code></ali_Code>
      <ali_Code></ali_Code>
      <ali_Code></ali_Code>
      <ali_Code></ali_Code>
      <ali_Code></ali_Code>
      <ali_Code></ali_Code>
      <ali_Code></ali_Code>
      <ali_Code></ali_Code>
      <ali_Code></ali_Code>
      <ali_Code></ali_Code>
      <ali_Code></ali_Code>
      <ali_Code></ali_Code>
      <ali_Code></ali_Code>
      <ali_Code></ali_Code>
      <ali_Code></ali_Code>
      <ali_Code></ali_Code>
      <ali_Code></ali_Code>
      <ali_Code></ali_Code>
      <ali_Code></ali_Code>
      <ali_Code></ali_Code>
      <ali_Code></ali_Code>
      <ali_Code></ali_Code>
      <ali_Code></ali_Code>
      <ali_Code></ali_Code>
      <ali_Code></ali_Code>
      <ali_Code></ali_Code>
      <ali_Code></ali_Code>
      <ali_Code></ali_Code>
      <ali_Code></ali_Code>
      <ali_Code></ali_Code>
      <ali_Code></ali_Code>
   </alis>
   <specific_issues>Issues related to the manufacturing of water heaters</specific_issues>
   <affiliatedUrl></affiliatedUrl>
   <affiliatedOrgs>
      <affiliatedOrg>
         <affiliatedOrgName></affiliatedOrgName>
         <affiliatedOrgAddress></affiliatedOrgAddress>
         <affiliatedOrgCity></affiliatedOrgCity>
         <affiliatedOrgState></affiliatedOrgState>
         <affiliatedOrgZip></affiliatedOrgZip>
         <affiliatedOrgCountry></affiliatedOrgCountry>
         <affiliatedPrinOrgCity></affiliatedPrinOrgCity>
         <affiliatedPrinOrgState></affiliatedPrinOrgState>
         <affiliatedPrinOrgCountry></affiliatedPrinOrgCountry>
      </affiliatedOrg>
      <affiliatedOrg>
         <affiliatedOrgName></affiliatedOrgName>
         <affiliatedOrgAddress></affiliatedOrgAddress>
         <affiliatedOrgCity></affiliatedOrgCity>
         <affiliatedOrgState></affiliatedOrgState>
         <affiliatedOrgZip></affiliatedOrgZip>
         <affiliatedOrgCountry></affiliatedOrgCountry>
         <affiliatedPrinOrgCity></affiliatedPrinOrgCity>
         <affiliatedPrinOrgState></affiliatedPrinOrgState>
         <affiliatedPrinOrgCountry></affiliatedPrinOrgCountry>
      </affiliatedOrg>
      <affiliatedOrg>
         <affiliatedOrgName></affiliatedOrgName>
         <affiliatedOrgAddress></affiliatedOrgAddress>
         <affiliatedOrgCity></affiliatedOrgCity>
         <affiliatedOrgState></affiliatedOrgState>
         <affiliatedOrgZip></affiliatedOrgZip>
         <affiliatedOrgCountry></affiliatedOrgCountry>
         <affiliatedPrinOrgCity></affiliatedPrinOrgCity>
         <affiliatedPrinOrgState></affiliatedPrinOrgState>
         <affiliatedPrinOrgCountry></affiliatedPrinOrgCountry>
      </affiliatedOrg>
      <affiliatedOrg>
         <affiliatedOrgName></affiliatedOrgName>
         <affiliatedOrgAddress></affiliatedOrgAddress>
         <affiliatedOrgCity></affiliatedOrgCity>
         <affiliatedOrgState></affiliatedOrgState>
         <affiliatedOrgZip></affiliatedOrgZip>
         <affiliatedOrgCountry></affiliatedOrgCountry>
         <affiliatedPrinOrgCity></affiliatedPrinOrgCity>
         <affiliatedPrinOrgState></affiliatedPrinOrgState>
         <affiliatedPrinOrgCountry></affiliatedPrinOrgCountry>
      </affiliatedOrg>
      <affiliatedOrg>
         <affiliatedOrgName></affiliatedOrgName>
         <affiliatedOrgAddress></affiliatedOrgAddress>
         <affiliatedOrgCity></affiliatedOrgCity>
         <affiliatedOrgState></affiliatedOrgState>
         <affiliatedOrgZip></affiliatedOrgZip>
         <affiliatedOrgCountry></affiliatedOrgCountry>
         <affiliatedPrinOrgCity></affiliatedPrinOrgCity>
         <affiliatedPrinOrgState></affiliatedPrinOrgState>
         <affiliatedPrinOrgCountry></affiliatedPrinOrgCountry>
      </affiliatedOrg>
      <affiliatedOrg>
         <affiliatedOrgName></affiliatedOrgName>
         <affiliatedOrgAddress></affiliatedOrgAddress>
         <affiliatedOrgCity></affiliatedOrgCity>
         <affiliatedOrgState></affiliatedOrgState>
         <affiliatedOrgZip></affiliatedOrgZip>
         <affiliatedOrgCountry></affiliatedOrgCountry>
         <affiliatedPrinOrgCity></affiliatedPrinOrgCity>
         <affiliatedPrinOrgState></affiliatedPrinOrgState>
         <affiliatedPrinOrgCountry></affiliatedPrinOrgCountry>
      </affiliatedOrg>
      <affiliatedOrg>
         <affiliatedOrgName></affiliatedOrgName>
         <affiliatedOrgAddress></affiliatedOrgAddress>
         <affiliatedOrgCity></affiliatedOrgCity>
         <affiliatedOrgState></affiliatedOrgState>
         <affiliatedOrgZip></affiliatedOrgZip>
         <affiliatedOrgCountry></affiliatedOrgCountry>
         <affiliatedPrinOrgCity></affiliatedPrinOrgCity>
         <affiliatedPrinOrgState></affiliatedPrinOrgState>
         <affiliatedPrinOrgCountry></affiliatedPrinOrgCountry>
      </affiliatedOrg>
      <affiliatedOrg>
         <affiliatedOrgName></affiliatedOrgName>
         <affiliatedOrgAddress></affiliatedOrgAddress>
         <affiliatedOrgCity></affiliatedOrgCity>
         <affiliatedOrgState></affiliatedOrgState>
         <affiliatedOrgZip></affiliatedOrgZip>
         <affiliatedOrgCountry></affiliatedOrgCountry>
         <affiliatedPrinOrgCity></affiliatedPrinOrgCity>
         <affiliatedPrinOrgState></affiliatedPrinOrgState>
         <affiliatedPrinOrgCountry></affiliatedPrinOrgCountry>
      </affiliatedOrg>
      <affiliatedOrg>
         <affiliatedOrgName></affiliatedOrgName>
         <affiliatedOrgAddress></affiliatedOrgAddress>
         <affiliatedOrgCity></affiliatedOrgCity>
         <affiliatedOrgState></affiliatedOrgState>
         <affiliatedOrgZip></affiliatedOrgZip>
         <affiliatedOrgCountry></affiliatedOrgCountry>
         <affiliatedPrinOrgCity></affiliatedPrinOrgCity>
         <affiliatedPrinOrgState></affiliatedPrinOrgState>
         <affiliatedPrinOrgCountry></affiliatedPrinOrgCountry>
      </affiliatedOrg>
      <affiliatedOrg>
         <affiliatedOrgName></affiliatedOrgName>
         <affiliatedOrgAddress></affiliatedOrgAddress>
         <affiliatedOrgCity></affiliatedOrgCity>
         <affiliatedOrgState></affiliatedOrgState>
         <affiliatedOrgZip></affiliatedOrgZip>
         <affiliatedOrgCountry></affiliatedOrgCountry>
         <affiliatedPrinOrgCity></affiliatedPrinOrgCity>
         <affiliatedPrinOrgState></affiliatedPrinOrgState>
         <affiliatedPrinOrgCountry></affiliatedPrinOrgCountry>
      </affiliatedOrg>
      <affiliatedOrg>
         <affiliatedOrgName></affiliatedOrgName>
         <affiliatedOrgAddress></affiliatedOrgAddress>
         <affiliatedOrgCity></affiliatedOrgCity>
         <affiliatedOrgState></affiliatedOrgState>
         <affiliatedOrgZip></affiliatedOrgZip>
         <affiliatedOrgCountry></affiliatedOrgCountry>
         <affiliatedPrinOrgCity></affiliatedPrinOrgCity>
         <affiliatedPrinOrgState></affiliatedPrinOrgState>
         <affiliatedPrinOrgCountry></affiliatedPrinOrgCountry>
      </affiliatedOrg>
      <affiliatedOrg>
         <affiliatedOrgName></affiliatedOrgName>
         <affiliatedOrgAddress></affiliatedOrgAddress>
         <affiliatedOrgCity></affiliatedOrgCity>
         <affiliatedOrgState></affiliatedOrgState>
         <affiliatedOrgZip></affiliatedOrgZip>
         <affiliatedOrgCountry></affiliatedOrgCountry>
         <affiliatedPrinOrgCity></affiliatedPrinOrgCity>
         <affiliatedPrinOrgState></affiliatedPrinOrgState>
         <affiliatedPrinOrgCountry></affiliatedPrinOrgCountry>
      </affiliatedOrg>
   </affiliatedOrgs>
   <foreignEntities>
      <foreignEntity>
         <name></name>
         <address></address>
         <city></city>
         <state></state>
         <country></country>
         <prinCity></prinCity>
         <prinState></prinState>
         <prinCountry></prinCountry>
         <contribution></contribution>
         <ownership_Percentage></ownership_Percentage>
      </foreignEntity>
      <foreignEntity>
         <name></name>
         <address></address>
         <city></city>
         <state></state>
         <country></country>
         <prinCity></prinCity>
         <prinState></prinState>
         <prinCountry></prinCountry>
         <contribution></contribution>
         <ownership_Percentage></ownership_Percentage>
      </foreignEntity>
      <foreignEntity>
         <name></name>
         <address></address>
         <city></city>
         <state></state>
         <country></country>
         <prinCity></prinCity>
         <prinState></prinState>
         <prinCountry></prinCountry>
         <contribution></contribution>
         <ownership_Percentage></ownership_Percentage>
      </foreignEntity>
      <foreignEntity>
         <name></name>
         <address></address>
         <city></city>
         <state></state>
         <country></country>
         <prinCity></prinCity>
         <prinState></prinState>
         <prinCountry></prinCountry>
         <contribution></contribution>
         <ownership_Percentage></ownership_Percentage>
      </foreignEntity>
      <foreignEntity>
         <name></name>
         <address></address>
         <city></city>
         <state></state>
         <country></country>
         <prinCity></prinCity>
         <prinState></prinState>
         <prinCountry></prinCountry>
         <contribution></contribution>
         <ownership_Percentage></ownership_Percentage>
      </foreignEntity>
      <foreignEntity>
         <name></name>
         <address></address>
         <city></city>
         <state></state>
         <country></country>
         <prinCity></prinCity>
         <prinState></prinState>
         <prinCountry></prinCountry>
         <contribution></contribution>
         <ownership_Percentage></ownership_Percentage>
      </foreignEntity>
      <foreignEntity>
         <name></name>
         <address></address>
         <city></city>
         <state></state>
         <country></country>
         <prinCity></prinCity>
         <prinState></prinState>
         <prinCountry></prinCountry>
         <contribution></contribution>
         <ownership_Percentage></ownership_Percentage>
      </foreignEntity>
      <foreignEntity>
         <name></name>
         <address></address>
         <city></city>
         <state></state>
         <country></country>
         <prinCity></prinCity>
         <prinState></prinState>
         <prinCountry></prinCountry>
         <contribution></contribution>
         <ownership_Percentage></ownership_Percentage>
      </foreignEntity>
      <foreignEntity>
         <name></name>
         <address></address>
         <city></city>
         <state></state>
         <country></country>
         <prinCity></prinCity>
         <prinState></prinState>
         <prinCountry></prinCountry>
         <contribution></contribution>
         <ownership_Percentage></ownership_Percentage>
      </foreignEntity>
      <foreignEntity>
         <name></name>
         <address></address>
         <city></city>
         <state></state>
         <country></country>
         <prinCity></prinCity>
         <prinState></prinState>
         <prinCountry></prinCountry>
         <contribution></contribution>
         <ownership_Percentage></ownership_Percentage>
      </foreignEntity>
      <foreignEntity>
         <name></name>
         <address></address>
         <city></city>
         <state></state>
         <country></country>
         <prinCity></prinCity>
         <prinState></prinState>
         <prinCountry></prinCountry>
         <contribution></contribution>
         <ownership_Percentage></ownership_Percentage>
      </foreignEntity>
   </foreignEntities>
   <reportYear>2014</reportYear>
   <reportType>RR</reportType>
   <effectiveDate>01/01/2014</effectiveDate>
   <printedName>Steve Clark - Senior Managing Partner</printedName>
   <signedDate>01/31/2014</signedDate>
</LOBBYINGDISCLOSURE1>